epoch,time,train/box_loss,train/cls_loss,train/dfl_loss,metrics/precision(B),metrics/recall(B),metrics/mAP50(B),metrics/mAP50-95(B),val/box_loss,val/cls_loss,val/dfl_loss,lr/pg0,lr/pg1,lr/pg2,lr/pg3,lr/pg4,lr/pg5,lr/pg6,lr/pg7
1,317.136,1.17886,1.19016,1.23709,0.79744,0.68789,0.77593,0.50967,1.11752,0.81417,1.25782,0.00998917,0.00332972,0.00998917,0.00332972,0.00998917,0.00332972,0.00998917,0.00332972
2,623.188,1.21316,1.03207,1.26006,0.71287,0.60906,0.6726,0.40182,1.29125,1.13061,1.41904,0.0199694,0.00665646,0.0199694,0.00665646,0.0199694,0.00665646,0.0199694,0.00665646
3,926.468,1.29543,1.12316,1.32104,0.73926,0.59051,0.66762,0.39339,1.32834,1.10102,1.39537,0.0299298,0.0099766,0.0299298,0.0099766,0.0299298,0.0099766,0.0299298,0.0099766
4,1229.28,1.29199,1.11873,1.32691,0.76798,0.63711,0.72271,0.46251,1.17096,0.94585,1.31099,0.0299109,0.0099703,0.0299109,0.0099703,0.0299109,0.0099703,0.0299109,0.0099703
5,1530.27,1.24351,1.06241,1.29652,0.81279,0.66162,0.7616,0.49852,1.10143,0.81781,1.24931,0.0298812,0.0099604,0.0298812,0.0099604,0.0298812,0.0099604,0.0298812,0.0099604
6,1835.3,1.21495,1.0289,1.27738,0.80039,0.67736,0.7652,0.49913,1.11398,0.80258,1.30072,0.0298515,0.0099505,0.0298515,0.0099505,0.0298515,0.0099505,0.0298515,0.0099505
7,2139.69,1.19675,1.0095,1.26457,0.82491,0.70148,0.79707,0.54091,1.01569,0.74625,1.19746,0.0298218,0.0099406,0.0298218,0.0099406,0.0298218,0.0099406,0.0298218,0.0099406
8,2446.99,1.18399,0.99419,1.25741,0.8223,0.70393,0.79534,0.54253,1.01088,0.73759,1.19471,0.0297921,0.0099307,0.0297921,0.0099307,0.0297921,0.0099307,0.0297921,0.0099307
9,2754.59,1.174,0.98523,1.25087,0.82515,0.71295,0.805,0.55558,0.9734,0.70968,1.17433,0.0297624,0.0099208,0.0297624,0.0099208,0.0297624,0.0099208,0.0297624,0.0099208
10,3058.23,1.16981,0.97854,1.24512,0.83831,0.71769,0.8133,0.56817,0.94746,0.6842,1.15097,0.0297327,0.0099109,0.0297327,0.0099109,0.0297327,0.0099109,0.0297327,0.0099109
11,3360.3,1.16475,0.97107,1.24325,0.8327,0.72419,0.81467,0.56845,0.94968,0.6823,1.1527,0.029703,0.009901,0.029703,0.009901,0.029703,0.009901,0.029703,0.009901
12,3665.31,1.16079,0.96881,1.24152,0.84176,0.72514,0.82102,0.5775,0.9281,0.66906,1.14108,0.0296733,0.0098911,0.0296733,0.0098911,0.0296733,0.0098911,0.0296733,0.0098911
13,3963.51,1.1582,0.96816,1.24012,0.84013,0.73079,0.82251,0.58015,0.92582,0.66263,1.13877,0.0296436,0.0098812,0.0296436,0.0098812,0.0296436,0.0098812,0.0296436,0.0098812
14,4266.91,1.1574,0.96353,1.23751,0.83886,0.73085,0.82287,0.58114,0.92216,0.66101,1.13648,0.0296139,0.0098713,0.0296139,0.0098713,0.0296139,0.0098713,0.0296139,0.0098713
15,4568.41,1.15338,0.96079,1.23553,0.83976,0.73008,0.82359,0.58338,0.91745,0.65489,1.13388,0.0295842,0.0098614,0.0295842,0.0098614,0.0295842,0.0098614,0.0295842,0.0098614
16,4872.19,1.15114,0.96062,1.23423,0.83971,0.7328,0.82503,0.58486,0.91117,0.65052,1.12986,0.0295545,0.0098515,0.0295545,0.0098515,0.0295545,0.0098515,0.0295545,0.0098515
17,5177.22,1.15047,0.95708,1.23473,0.83802,0.73376,0.826,0.586,0.90937,0.64839,1.12847,0.0295248,0.0098416,0.0295248,0.0098416,0.0295248,0.0098416,0.0295248,0.0098416
18,5480.76,1.15021,0.95677,1.23466,0.84175,0.73271,0.8265,0.58705,0.90788,0.64624,1.12804,0.0294951,0.0098317,0.0294951,0.0098317,0.0294951,0.0098317,0.0294951,0.0098317
19,5786.33,1.14713,0.95292,1.23329,0.83612,0.73653,0.82631,0.58744,0.9073,0.64552,1.12842,0.0294654,0.0098218,0.0294654,0.0098218,0.0294654,0.0098218,0.0294654,0.0098218
20,6091.37,1.14797,0.95391,1.2334,0.8395,0.73556,0.82702,0.58805,0.90534,0.64421,1.12727,0.0294357,0.0098119,0.0294357,0.0098119,0.0294357,0.0098119,0.0294357,0.0098119
21,6398.03,1.14511,0.95296,1.23407,0.8403,0.73412,0.82695,0.58797,0.90419,0.64408,1.12644,0.029406,0.009802,0.029406,0.009802,0.029406,0.009802,0.029406,0.009802
22,6701.77,1.14424,0.94991,1.23275,0.83833,0.73683,0.82734,0.58826,0.90309,0.64263,1.12616,0.0293763,0.0097921,0.0293763,0.0097921,0.0293763,0.0097921,0.0293763,0.0097921
23,7006.33,1.14237,0.9487,1.23074,0.83986,0.73599,0.82779,0.58878,0.90302,0.64195,1.12647,0.0293466,0.0097822,0.0293466,0.0097822,0.0293466,0.0097822,0.0293466,0.0097822
24,7308.25,1.14075,0.94805,1.2303,0.84264,0.73466,0.8281,0.58895,0.9024,0.6406,1.12636,0.0293169,0.0097723,0.0293169,0.0097723,0.0293169,0.0097723,0.0293169,0.0097723
25,7613.03,1.14139,0.94807,1.22885,0.84283,0.73402,0.82831,0.5895,0.90193,0.64004,1.12631,0.0292872,0.0097624,0.0292872,0.0097624,0.0292872,0.0097624,0.0292872,0.0097624
26,7916.89,1.14356,0.94974,1.22962,0.84329,0.73468,0.82809,0.58931,0.90157,0.63966,1.1261,0.0292575,0.0097525,0.0292575,0.0097525,0.0292575,0.0097525,0.0292575,0.0097525
27,8224.72,1.14359,0.94926,1.2283,0.84019,0.7371,0.82817,0.58947,0.90119,0.63949,1.12538,0.0292278,0.0097426,0.0292278,0.0097426,0.0292278,0.0097426,0.0292278,0.0097426
28,8531.62,1.14115,0.94742,1.22763,0.83886,0.73906,0.82882,0.59001,0.90045,0.63853,1.12485,0.0291981,0.0097327,0.0291981,0.0097327,0.0291981,0.0097327,0.0291981,0.0097327
29,8839.46,1.14277,0.94794,1.22738,0.84021,0.73697,0.82876,0.59022,0.90016,0.63769,1.12465,0.0291684,0.0097228,0.0291684,0.0097228,0.0291684,0.0097228,0.0291684,0.0097228
30,9142.56,1.14078,0.94632,1.22765,0.84081,0.73689,0.82917,0.59065,0.89967,0.63684,1.12454,0.0291387,0.0097129,0.0291387,0.0097129,0.0291387,0.0097129,0.0291387,0.0097129
31,9447.99,1.13982,0.94713,1.22749,0.83987,0.73771,0.82894,0.59069,0.89909,0.63686,1.12409,0.029109,0.009703,0.029109,0.009703,0.029109,0.009703,0.029109,0.009703
32,9746.49,1.13923,0.94709,1.22891,0.83918,0.73765,0.82869,0.59084,0.89926,0.63694,1.12458,0.0290793,0.0096931,0.0290793,0.0096931,0.0290793,0.0096931,0.0290793,0.0096931
33,10046.7,1.13895,0.94479,1.22544,0.84104,0.73756,0.82909,0.59084,0.8989,0.63672,1.12442,0.0290496,0.0096832,0.0290496,0.0096832,0.0290496,0.0096832,0.0290496,0.0096832
34,10348.2,1.14114,0.94623,1.22675,0.84305,0.73597,0.82901,0.59095,0.89807,0.63663,1.12376,0.0290199,0.0096733,0.0290199,0.0096733,0.0290199,0.0096733,0.0290199,0.0096733
35,10649.7,1.13927,0.94323,1.22611,0.84292,0.73579,0.82851,0.59105,0.89757,0.6363,1.12361,0.0289902,0.0096634,0.0289902,0.0096634,0.0289902,0.0096634,0.0289902,0.0096634
36,10950.9,1.13753,0.94543,1.22457,0.84234,0.73624,0.82873,0.59113,0.89753,0.6356,1.12382,0.0289605,0.0096535,0.0289605,0.0096535,0.0289605,0.0096535,0.0289605,0.0096535
37,11248.3,1.13861,0.94303,1.22558,0.84312,0.7347,0.82894,0.59157,0.89723,0.63482,1.1236,0.0289308,0.0096436,0.0289308,0.0096436,0.0289308,0.0096436,0.0289308,0.0096436
38,11543.4,1.14033,0.94339,1.2259,0.84531,0.73371,0.82884,0.59179,0.89731,0.63478,1.12358,0.0289011,0.0096337,0.0289011,0.0096337,0.0289011,0.0096337,0.0289011,0.0096337
39,11836.4,1.13678,0.94299,1.22538,0.84474,0.7344,0.82925,0.59189,0.89717,0.63421,1.12325,0.0288714,0.0096238,0.0288714,0.0096238,0.0288714,0.0096238,0.0288714,0.0096238
40,12131.6,1.13708,0.94281,1.22447,0.84349,0.73552,0.82927,0.59196,0.8969,0.63376,1.12315,0.0288417,0.0096139,0.0288417,0.0096139,0.0288417,0.0096139,0.0288417,0.0096139
41,12424,1.13527,0.94193,1.22382,0.84238,0.7362,0.82932,0.59218,0.89678,0.63391,1.12318,0.028812,0.009604,0.028812,0.009604,0.028812,0.009604,0.028812,0.009604
42,12717.9,1.13836,0.94176,1.22542,0.84079,0.73683,0.82903,0.59225,0.8967,0.63343,1.12279,0.0287823,0.0095941,0.0287823,0.0095941,0.0287823,0.0095941,0.0287823,0.0095941
43,13014.6,1.1373,0.94214,1.22417,0.84174,0.73627,0.82913,0.59251,0.89603,0.63289,1.12232,0.0287526,0.0095842,0.0287526,0.0095842,0.0287526,0.0095842,0.0287526,0.0095842
44,13317.3,1.13359,0.94036,1.22353,0.84359,0.73514,0.82943,0.59263,0.89573,0.63273,1.12211,0.0287229,0.0095743,0.0287229,0.0095743,0.0287229,0.0095743,0.0287229,0.0095743
45,13615.6,1.1349,0.94235,1.22331,0.84304,0.73538,0.82916,0.59263,0.89561,0.63273,1.12192,0.0286932,0.0095644,0.0286932,0.0095644,0.0286932,0.0095644,0.0286932,0.0095644
46,13909.5,1.13385,0.94085,1.22337,0.84528,0.7345,0.82917,0.59249,0.89518,0.63261,1.12137,0.0286635,0.0095545,0.0286635,0.0095545,0.0286635,0.0095545,0.0286635,0.0095545
47,14202.9,1.13596,0.94039,1.22278,0.84449,0.73624,0.82954,0.59287,0.8945,0.63196,1.12111,0.0286338,0.0095446,0.0286338,0.0095446,0.0286338,0.0095446,0.0286338,0.0095446
48,14496.3,1.13301,0.93841,1.22382,0.84587,0.7346,0.82948,0.59283,0.8941,0.63173,1.12094,0.0286041,0.0095347,0.0286041,0.0095347,0.0286041,0.0095347,0.0286041,0.0095347
49,14787.6,1.13256,0.93952,1.22324,0.84494,0.73502,0.82971,0.59314,0.8936,0.63157,1.12054,0.0285744,0.0095248,0.0285744,0.0095248,0.0285744,0.0095248,0.0285744,0.0095248
50,15082.6,1.13297,0.93809,1.22312,0.84577,0.73366,0.82927,0.59312,0.89292,0.63119,1.12004,0.0285447,0.0095149,0.0285447,0.0095149,0.0285447,0.0095149,0.0285447,0.0095149
51,15376.1,1.13057,0.93581,1.22271,0.84539,0.73488,0.82957,0.59333,0.89283,0.63114,1.11982,0.028515,0.009505,0.028515,0.009505,0.028515,0.009505,0.028515,0.009505
52,15669.3,1.13229,0.938,1.22326,0.84809,0.73402,0.82998,0.59394,0.89229,0.63039,1.11933,0.0284853,0.0094951,0.0284853,0.0094951,0.0284853,0.0094951,0.0284853,0.0094951
53,15963.5,1.13019,0.93439,1.22177,0.84824,0.7338,0.83006,0.59399,0.89152,0.62961,1.11886,0.0284556,0.0094852,0.0284556,0.0094852,0.0284556,0.0094852,0.0284556,0.0094852
54,16256.2,1.13374,0.93791,1.2235,0.84566,0.73525,0.83029,0.59402,0.89109,0.62926,1.11861,0.0284259,0.0094753,0.0284259,0.0094753,0.0284259,0.0094753,0.0284259,0.0094753
55,16550.2,1.13109,0.93686,1.22303,0.84464,0.73602,0.83032,0.59459,0.89013,0.62862,1.11787,0.0283962,0.0094654,0.0283962,0.0094654,0.0283962,0.0094654,0.0283962,0.0094654
56,16842.6,1.13044,0.93668,1.22124,0.84333,0.73756,0.83054,0.59469,0.88998,0.62842,1.11755,0.0283665,0.0094555,0.0283665,0.0094555,0.0283665,0.0094555,0.0283665,0.0094555
57,17135.4,1.13183,0.93558,1.22111,0.84357,0.73747,0.83074,0.59509,0.88926,0.62828,1.11666,0.0283368,0.0094456,0.0283368,0.0094456,0.0283368,0.0094456,0.0283368,0.0094456
58,17426.1,1.12826,0.93276,1.22117,0.84427,0.73769,0.83093,0.59502,0.88867,0.62825,1.1162,0.0283071,0.0094357,0.0283071,0.0094357,0.0283071,0.0094357,0.0283071,0.0094357
59,17719.2,1.13117,0.93601,1.22191,0.84183,0.74015,0.83099,0.59525,0.88826,0.62794,1.11565,0.0282774,0.0094258,0.0282774,0.0094258,0.0282774,0.0094258,0.0282774,0.0094258
60,18012.1,1.13211,0.93664,1.22187,0.84108,0.74064,0.83123,0.59547,0.88815,0.62804,1.11551,0.0282477,0.0094159,0.0282477,0.0094159,0.0282477,0.0094159,0.0282477,0.0094159
61,18300.8,1.13059,0.93559,1.22231,0.84151,0.74147,0.83134,0.59557,0.88809,0.6276,1.11561,0.028218,0.009406,0.028218,0.009406,0.028218,0.009406,0.028218,0.009406
62,18596.3,1.1289,0.93452,1.22147,0.84253,0.74069,0.83165,0.59568,0.88774,0.62703,1.11553,0.0281883,0.0093961,0.0281883,0.0093961,0.0281883,0.0093961,0.0281883,0.0093961
63,18891.9,1.13028,0.9344,1.21917,0.84269,0.7401,0.83148,0.59573,0.88768,0.627,1.11547,0.0281586,0.0093862,0.0281586,0.0093862,0.0281586,0.0093862,0.0281586,0.0093862
64,19185.6,1.12928,0.93423,1.22066,0.84324,0.74073,0.83178,0.59607,0.88736,0.62651,1.11532,0.0281289,0.0093763,0.0281289,0.0093763,0.0281289,0.0093763,0.0281289,0.0093763
65,19479.3,1.12904,0.93403,1.22059,0.84543,0.73846,0.83191,0.59616,0.88702,0.62613,1.11511,0.0280992,0.0093664,0.0280992,0.0093664,0.0280992,0.0093664,0.0280992,0.0093664
66,19773.9,1.12948,0.9325,1.21983,0.84509,0.73828,0.83179,0.59642,0.8867,0.62534,1.11482,0.0280695,0.0093565,0.0280695,0.0093565,0.0280695,0.0093565,0.0280695,0.0093565
67,20069.4,1.13092,0.93533,1.22081,0.84461,0.73896,0.83204,0.59667,0.88574,0.62516,1.11422,0.0280398,0.0093466,0.0280398,0.0093466,0.0280398,0.0093466,0.0280398,0.0093466
68,20364.9,1.12737,0.93283,1.21868,0.84245,0.74059,0.83222,0.59664,0.88566,0.62484,1.11444,0.0280101,0.0093367,0.0280101,0.0093367,0.0280101,0.0093367,0.0280101,0.0093367
69,20657.9,1.12918,0.93301,1.21937,0.84388,0.74155,0.83268,0.597,0.88541,0.62465,1.11448,0.0279804,0.0093268,0.0279804,0.0093268,0.0279804,0.0093268,0.0279804,0.0093268
70,20952.2,1.12917,0.93245,1.21942,0.84411,0.74121,0.83268,0.59742,0.88514,0.62404,1.1144,0.0279507,0.0093169,0.0279507,0.0093169,0.0279507,0.0093169,0.0279507,0.0093169
71,21245.9,1.12967,0.93363,1.21896,0.84541,0.74073,0.83279,0.59756,0.88497,0.62395,1.11424,0.027921,0.009307,0.027921,0.009307,0.027921,0.009307,0.027921,0.009307
72,21540.6,1.1284,0.93362,1.21944,0.84566,0.74037,0.83296,0.59761,0.88434,0.62392,1.11374,0.0278913,0.0092971,0.0278913,0.0092971,0.0278913,0.0092971,0.0278913,0.0092971
73,21836.8,1.12728,0.92896,1.21822,0.84263,0.74242,0.83311,0.59757,0.8838,0.62332,1.1135,0.0278616,0.0092872,0.0278616,0.0092872,0.0278616,0.0092872,0.0278616,0.0092872
74,22130.8,1.12882,0.93385,1.22134,0.84556,0.74177,0.83335,0.59765,0.88368,0.62326,1.11343,0.0278319,0.0092773,0.0278319,0.0092773,0.0278319,0.0092773,0.0278319,0.0092773
75,22428.4,1.12798,0.93053,1.21779,0.84736,0.74141,0.83354,0.59767,0.88349,0.62292,1.11318,0.0278022,0.0092674,0.0278022,0.0092674,0.0278022,0.0092674,0.0278022,0.0092674
76,22722.3,1.12672,0.9304,1.21742,0.85048,0.73896,0.83384,0.59803,0.88387,0.62212,1.11345,0.0277725,0.0092575,0.0277725,0.0092575,0.0277725,0.0092575,0.0277725,0.0092575
77,23016.4,1.12799,0.93098,1.21987,0.85093,0.73955,0.83406,0.59832,0.88389,0.62147,1.11327,0.0277428,0.0092476,0.0277428,0.0092476,0.0277428,0.0092476,0.0277428,0.0092476
78,23310.5,1.12742,0.93103,1.21761,0.84746,0.741,0.83392,0.59839,0.88385,0.62112,1.1132,0.0277131,0.0092377,0.0277131,0.0092377,0.0277131,0.0092377,0.0277131,0.0092377
79,23606.4,1.12605,0.93029,1.21702,0.84854,0.74059,0.8338,0.5983,0.88358,0.62078,1.11286,0.0276834,0.0092278,0.0276834,0.0092278,0.0276834,0.0092278,0.0276834,0.0092278
80,23900.5,1.12747,0.93072,1.21812,0.84921,0.73933,0.8339,0.59833,0.88377,0.62033,1.11285,0.0276537,0.0092179,0.0276537,0.0092179,0.0276537,0.0092179,0.0276537,0.0092179
81,24196.1,1.12654,0.92958,1.21875,0.84647,0.74194,0.83429,0.59866,0.8832,0.62031,1.11235,0.027624,0.009208,0.027624,0.009208,0.027624,0.009208,0.027624,0.009208
82,24491.8,1.12801,0.93064,1.21917,0.84709,0.74097,0.83407,0.59877,0.88329,0.62031,1.1126,0.0275943,0.0091981,0.0275943,0.0091981,0.0275943,0.0091981,0.0275943,0.0091981
83,24785.9,1.1269,0.93282,1.21826,0.84586,0.74155,0.83408,0.59877,0.88279,0.62033,1.11226,0.0275646,0.0091882,0.0275646,0.0091882,0.0275646,0.0091882,0.0275646,0.0091882
84,25078.4,1.1256,0.92864,1.21824,0.84598,0.74173,0.83404,0.59885,0.88294,0.62025,1.11214,0.0275349,0.0091783,0.0275349,0.0091783,0.0275349,0.0091783,0.0275349,0.0091783
85,25372,1.12454,0.93021,1.21525,0.84672,0.74264,0.83427,0.59884,0.88283,0.62025,1.11182,0.0275052,0.0091684,0.0275052,0.0091684,0.0275052,0.0091684,0.0275052,0.0091684
86,25664.9,1.12571,0.92895,1.2159,0.84796,0.74223,0.83419,0.59895,0.88338,0.62001,1.11191,0.0274755,0.0091585,0.0274755,0.0091585,0.0274755,0.0091585,0.0274755,0.0091585
87,25958.4,1.12398,0.92768,1.21568,0.84955,0.74149,0.83448,0.59929,0.88393,0.62012,1.11204,0.0274458,0.0091486,0.0274458,0.0091486,0.0274458,0.0091486,0.0274458,0.0091486
88,26253.4,1.12512,0.93094,1.21822,0.84893,0.74144,0.83407,0.599,0.88432,0.62038,1.11215,0.0274161,0.0091387,0.0274161,0.0091387,0.0274161,0.0091387,0.0274161,0.0091387
89,26547.3,1.1264,0.92895,1.21672,0.84733,0.74286,0.83397,0.5991,0.88453,0.62011,1.1122,0.0273864,0.0091288,0.0273864,0.0091288,0.0273864,0.0091288,0.0273864,0.0091288
90,26840.5,1.12756,0.93173,1.21717,0.84479,0.74413,0.83433,0.59921,0.88458,0.61974,1.1122,0.0273567,0.0091189,0.0273567,0.0091189,0.0273567,0.0091189,0.0273567,0.0091189
91,27127.9,1.12602,0.92529,1.21631,0.84422,0.74505,0.83472,0.5995,0.8841,0.6191,1.112,0.027327,0.009109,0.027327,0.009109,0.027327,0.009109,0.027327,0.009109
92,27419.6,1.12611,0.92909,1.2164,0.84231,0.74658,0.8348,0.59952,0.88335,0.6187,1.11155,0.0272973,0.0090991,0.0272973,0.0090991,0.0272973,0.0090991,0.0272973,0.0090991
93,27712.4,1.12404,0.92805,1.21631,0.84262,0.7459,0.83472,0.5995,0.88269,0.61879,1.11121,0.0272676,0.0090892,0.0272676,0.0090892,0.0272676,0.0090892,0.0272676,0.0090892
94,28005.2,1.12449,0.9289,1.21677,0.84526,0.74405,0.83498,0.5994,0.88227,0.61851,1.11124,0.0272379,0.0090793,0.0272379,0.0090793,0.0272379,0.0090793,0.0272379,0.0090793
95,28298.9,1.12487,0.92805,1.21762,0.84437,0.74495,0.8352,0.59958,0.88214,0.61809,1.11129,0.0272082,0.0090694,0.0272082,0.0090694,0.0272082,0.0090694,0.0272082,0.0090694
96,28592.9,1.12478,0.93225,1.21612,0.8421,0.7467,0.83533,0.59985,0.88165,0.61785,1.11101,0.0271785,0.0090595,0.0271785,0.0090595,0.0271785,0.0090595,0.0271785,0.0090595
97,28887.5,1.12374,0.9299,1.2167,0.84574,0.74377,0.83539,0.59972,0.88168,0.61784,1.11114,0.0271488,0.0090496,0.0271488,0.0090496,0.0271488,0.0090496,0.0271488,0.0090496
98,29181.3,1.12415,0.93084,1.21627,0.84632,0.74309,0.83582,0.59985,0.88177,0.61797,1.11113,0.0271191,0.0090397,0.0271191,0.0090397,0.0271191,0.0090397,0.0271191,0.0090397
99,29476.2,1.12275,0.93072,1.21464,0.84503,0.7425,0.8356,0.59987,0.88159,0.61809,1.11079,0.0270894,0.0090298,0.0270894,0.0090298,0.0270894,0.0090298,0.0270894,0.0090298
100,29770.1,1.12413,0.9275,1.21416,0.84506,0.74215,0.83551,0.59995,0.88122,0.61779,1.11027,0.0270597,0.0090199,0.0270597,0.0090199,0.0270597,0.0090199,0.0270597,0.0090199
101,30062.7,1.12155,0.92859,1.21437,0.84398,0.74341,0.83594,0.6004,0.88051,0.61746,1.11012,0.02703,0.00901,0.02703,0.00901,0.02703,0.00901,0.02703,0.00901
102,30357.4,1.12164,0.9264,1.21486,0.84585,0.74209,0.83584,0.60028,0.87991,0.61771,1.11014,0.0270003,0.0090001,0.0270003,0.0090001,0.0270003,0.0090001,0.0270003,0.0090001
103,30652.2,1.12281,0.92571,1.21642,0.84546,0.74244,0.83558,0.60037,0.87991,0.61796,1.11009,0.0269706,0.0089902,0.0269706,0.0089902,0.0269706,0.0089902,0.0269706,0.0089902
104,30944.5,1.12295,0.92667,1.21517,0.84762,0.74079,0.8355,0.6006,0.87951,0.6178,1.10971,0.0269409,0.0089803,0.0269409,0.0089803,0.0269409,0.0089803,0.0269409,0.0089803
105,31236.4,1.12415,0.92893,1.21631,0.84633,0.74239,0.83546,0.60059,0.87942,0.61752,1.10964,0.0269112,0.0089704,0.0269112,0.0089704,0.0269112,0.0089704,0.0269112,0.0089704
106,31528.8,1.12243,0.92845,1.21681,0.84818,0.74046,0.8353,0.60034,0.87989,0.61733,1.10992,0.0268815,0.0089605,0.0268815,0.0089605,0.0268815,0.0089605,0.0268815,0.0089605
107,31821.7,1.12224,0.92842,1.21744,0.84848,0.74065,0.83566,0.60068,0.87941,0.61709,1.10964,0.0268518,0.0089506,0.0268518,0.0089506,0.0268518,0.0089506,0.0268518,0.0089506
108,32113.2,1.12314,0.92641,1.21767,0.84772,0.74233,0.8357,0.60052,0.87933,0.61707,1.10959,0.0268221,0.0089407,0.0268221,0.0089407,0.0268221,0.0089407,0.0268221,0.0089407
109,32404.7,1.12156,0.92638,1.2162,0.84683,0.74302,0.83643,0.6009,0.87953,0.617,1.10996,0.0267924,0.0089308,0.0267924,0.0089308,0.0267924,0.0089308,0.0267924,0.0089308
110,32697.4,1.12231,0.92793,1.21688,0.84658,0.74412,0.83703,0.60092,0.87927,0.61668,1.10984,0.0267627,0.0089209,0.0267627,0.0089209,0.0267627,0.0089209,0.0267627,0.0089209
111,32989.1,1.1211,0.92465,1.21391,0.84689,0.74277,0.83693,0.60091,0.87892,0.61659,1.10975,0.026733,0.008911,0.026733,0.008911,0.026733,0.008911,0.026733,0.008911
112,33280.2,1.12135,0.92499,1.2151,0.84678,0.74386,0.83702,0.60128,0.87826,0.61651,1.10931,0.0267033,0.0089011,0.0267033,0.0089011,0.0267033,0.0089011,0.0267033,0.0089011
113,33572.5,1.12081,0.92457,1.21498,0.84594,0.74363,0.83634,0.60112,0.87825,0.61649,1.10918,0.0266736,0.0088912,0.0266736,0.0088912,0.0266736,0.0088912,0.0266736,0.0088912
114,33865.8,1.12123,0.92407,1.21688,0.84743,0.74243,0.83696,0.60123,0.8784,0.61596,1.10926,0.0266439,0.0088813,0.0266439,0.0088813,0.0266439,0.0088813,0.0266439,0.0088813
115,34157.2,1.12037,0.92587,1.21521,0.84681,0.74304,0.8363,0.60121,0.8785,0.61645,1.1094,0.0266142,0.0088714,0.0266142,0.0088714,0.0266142,0.0088714,0.0266142,0.0088714
116,34449.5,1.12016,0.92219,1.21442,0.84737,0.74277,0.83703,0.60172,0.87829,0.61652,1.10922,0.0265845,0.0088615,0.0265845,0.0088615,0.0265845,0.0088615,0.0265845,0.0088615
117,34740.5,1.12111,0.9242,1.21339,0.84699,0.74316,0.8371,0.60159,0.87767,0.61675,1.10871,0.0265548,0.0088516,0.0265548,0.0088516,0.0265548,0.0088516,0.0265548,0.0088516
118,35032.7,1.11969,0.92527,1.21285,0.84594,0.74444,0.83713,0.60164,0.87745,0.6167,1.10847,0.0265251,0.0088417,0.0265251,0.0088417,0.0265251,0.0088417,0.0265251,0.0088417
119,35324,1.11999,0.92391,1.21346,0.84595,0.74526,0.83613,0.60158,0.87739,0.61662,1.10831,0.0264954,0.0088318,0.0264954,0.0088318,0.0264954,0.0088318,0.0264954,0.0088318
120,35617.1,1.11995,0.92292,1.21307,0.84643,0.74517,0.83633,0.60146,0.87781,0.6165,1.10855,0.0264657,0.0088219,0.0264657,0.0088219,0.0264657,0.0088219,0.0264657,0.0088219
121,35908.9,1.11893,0.92302,1.21308,0.84876,0.7444,0.83693,0.60182,0.87751,0.61609,1.10846,0.026436,0.008812,0.026436,0.008812,0.026436,0.008812,0.026436,0.008812
122,36202,1.12009,0.92422,1.21387,0.84723,0.74434,0.83681,0.60177,0.87732,0.6156,1.10837,0.0264063,0.0088021,0.0264063,0.0088021,0.0264063,0.0088021,0.0264063,0.0088021
123,36495.3,1.11865,0.92198,1.21308,0.85101,0.7425,0.83694,0.60187,0.87708,0.61508,1.10839,0.0263766,0.0087922,0.0263766,0.0087922,0.0263766,0.0087922,0.0263766,0.0087922
124,36788.5,1.11922,0.92327,1.21362,0.8512,0.74155,0.83683,0.60157,0.87646,0.61562,1.10797,0.0263469,0.0087823,0.0263469,0.0087823,0.0263469,0.0087823,0.0263469,0.0087823
125,37080.8,1.11838,0.92395,1.21234,0.85163,0.74096,0.8368,0.60174,0.8769,0.61529,1.10845,0.0263172,0.0087724,0.0263172,0.0087724,0.0263172,0.0087724,0.0263172,0.0087724
126,37373.6,1.12094,0.92215,1.21363,0.84858,0.74363,0.83719,0.60174,0.8769,0.615,1.10826,0.0262875,0.0087625,0.0262875,0.0087625,0.0262875,0.0087625,0.0262875,0.0087625
127,37665.7,1.12034,0.92312,1.21494,0.84925,0.74383,0.83715,0.60223,0.87683,0.61503,1.10829,0.0262578,0.0087526,0.0262578,0.0087526,0.0262578,0.0087526,0.0262578,0.0087526
128,37959.5,1.12064,0.92374,1.21382,0.84774,0.7449,0.83724,0.60256,0.87666,0.61517,1.1082,0.0262281,0.0087427,0.0262281,0.0087427,0.0262281,0.0087427,0.0262281,0.0087427
129,38252.9,1.12151,0.92506,1.21612,0.8516,0.74342,0.83753,0.60244,0.87672,0.61501,1.10824,0.0261984,0.0087328,0.0261984,0.0087328,0.0261984,0.0087328,0.0261984,0.0087328
130,38549.6,1.118,0.91968,1.21376,0.84937,0.74445,0.83813,0.60279,0.87659,0.61449,1.10841,0.0261687,0.0087229,0.0261687,0.0087229,0.0261687,0.0087229,0.0261687,0.0087229
131,38842.7,1.11833,0.92276,1.2121,0.84866,0.74413,0.83747,0.60278,0.87608,0.61434,1.10817,0.026139,0.008713,0.026139,0.008713,0.026139,0.008713,0.026139,0.008713
132,39135.8,1.11635,0.91995,1.21227,0.85132,0.74227,0.83845,0.60301,0.87558,0.61384,1.10768,0.0261093,0.0087031,0.0261093,0.0087031,0.0261093,0.0087031,0.0261093,0.0087031
133,39429.4,1.11736,0.92384,1.21184,0.85258,0.7429,0.8388,0.60308,0.87545,0.61301,1.10757,0.0260796,0.0086932,0.0260796,0.0086932,0.0260796,0.0086932,0.0260796,0.0086932
134,39723.6,1.11883,0.92158,1.21287,0.85292,0.74227,0.83899,0.60305,0.87486,0.61272,1.10731,0.0260499,0.0086833,0.0260499,0.0086833,0.0260499,0.0086833,0.0260499,0.0086833
135,40022.6,1.11611,0.92129,1.21172,0.84899,0.7451,0.83869,0.60293,0.87506,0.61238,1.10769,0.0260202,0.0086734,0.0260202,0.0086734,0.0260202,0.0086734,0.0260202,0.0086734
136,40318.1,1.11716,0.91901,1.21224,0.85122,0.7435,0.83871,0.60313,0.87448,0.61215,1.10743,0.0259905,0.0086635,0.0259905,0.0086635,0.0259905,0.0086635,0.0259905,0.0086635
137,40615.9,1.11587,0.92007,1.21071,0.84881,0.74522,0.83835,0.60288,0.87426,0.61222,1.10695,0.0259608,0.0086536,0.0259608,0.0086536,0.0259608,0.0086536,0.0259608,0.0086536
138,40911.4,1.11817,0.92288,1.21213,0.85063,0.74327,0.83851,0.60293,0.87427,0.61233,1.10675,0.0259311,0.0086437,0.0259311,0.0086437,0.0259311,0.0086437,0.0259311,0.0086437
139,41215.2,1.11721,0.92154,1.21243,0.8513,0.74318,0.83875,0.60336,0.87406,0.61227,1.10654,0.0259014,0.0086338,0.0259014,0.0086338,0.0259014,0.0086338,0.0259014,0.0086338
140,41518.1,1.11904,0.92228,1.21274,0.85081,0.74341,0.8387,0.60343,0.87395,0.61191,1.10659,0.0258717,0.0086239,0.0258717,0.0086239,0.0258717,0.0086239,0.0258717,0.0086239
141,41813.7,1.11691,0.92205,1.21249,0.85255,0.74214,0.83908,0.60318,0.87402,0.61223,1.10656,0.025842,0.008614,0.025842,0.008614,0.025842,0.008614,0.025842,0.008614
142,42108.8,1.11674,0.92147,1.21218,0.85386,0.74146,0.83906,0.60332,0.87398,0.61246,1.10634,0.0258123,0.0086041,0.0258123,0.0086041,0.0258123,0.0086041,0.0258123,0.0086041
143,42401.1,1.11586,0.91978,1.21141,0.85297,0.74295,0.83916,0.60344,0.8738,0.61256,1.1064,0.0257826,0.0085942,0.0257826,0.0085942,0.0257826,0.0085942,0.0257826,0.0085942
144,42698.9,1.11647,0.91926,1.20995,0.8527,0.74304,0.83906,0.60329,0.87375,0.61264,1.10615,0.0257529,0.0085843,0.0257529,0.0085843,0.0257529,0.0085843,0.0257529,0.0085843
145,42991.5,1.11604,0.92014,1.20992,0.8525,0.74189,0.83884,0.6032,0.87403,0.61268,1.10613,0.0257232,0.0085744,0.0257232,0.0085744,0.0257232,0.0085744,0.0257232,0.0085744
146,43283,1.11784,0.92162,1.21227,0.85076,0.74363,0.83921,0.6037,0.87386,0.61273,1.10594,0.0256935,0.0085645,0.0256935,0.0085645,0.0256935,0.0085645,0.0256935,0.0085645
147,43577,1.11769,0.92031,1.21229,0.84967,0.74526,0.83935,0.60385,0.87343,0.61264,1.10555,0.0256638,0.0085546,0.0256638,0.0085546,0.0256638,0.0085546,0.0256638,0.0085546
148,43870,1.11495,0.91791,1.21056,0.84823,0.74667,0.83899,0.6039,0.87339,0.61207,1.10539,0.0256341,0.0085447,0.0256341,0.0085447,0.0256341,0.0085447,0.0256341,0.0085447
149,44165.4,1.11609,0.92029,1.21157,0.84868,0.74671,0.83914,0.60399,0.87327,0.61213,1.10532,0.0256044,0.0085348,0.0256044,0.0085348,0.0256044,0.0085348,0.0256044,0.0085348
150,44458.9,1.11831,0.92137,1.21347,0.84806,0.74612,0.83852,0.604,0.87296,0.61215,1.10537,0.0255747,0.0085249,0.0255747,0.0085249,0.0255747,0.0085249,0.0255747,0.0085249
151,44753.3,1.11496,0.91927,1.21189,0.84961,0.74462,0.83874,0.604,0.87272,0.61186,1.10533,0.025545,0.008515,0.025545,0.008515,0.025545,0.008515,0.025545,0.008515
152,45047.3,1.11511,0.91916,1.21147,0.85104,0.74425,0.83872,0.60429,0.87234,0.61165,1.10501,0.0255153,0.0085051,0.0255153,0.0085051,0.0255153,0.0085051,0.0255153,0.0085051
153,45339.4,1.11551,0.91702,1.21169,0.85067,0.74408,0.83867,0.60438,0.8723,0.61186,1.10504,0.0254856,0.0084952,0.0254856,0.0084952,0.0254856,0.0084952,0.0254856,0.0084952
154,45631.7,1.11804,0.91843,1.21171,0.85046,0.74495,0.83887,0.60432,0.87167,0.61153,1.10467,0.0254559,0.0084853,0.0254559,0.0084853,0.0254559,0.0084853,0.0254559,0.0084853
155,45923.9,1.11401,0.92024,1.21056,0.85114,0.74481,0.83909,0.60489,0.87087,0.61155,1.10398,0.0254262,0.0084754,0.0254262,0.0084754,0.0254262,0.0084754,0.0254262,0.0084754
156,46218.4,1.11416,0.91695,1.20922,0.85028,0.74544,0.8391,0.6047,0.87068,0.61132,1.10357,0.0253965,0.0084655,0.0253965,0.0084655,0.0253965,0.0084655,0.0253965,0.0084655
157,46513.5,1.1126,0.91634,1.2099,0.85276,0.74309,0.83898,0.60467,0.87113,0.61186,1.10378,0.0253668,0.0084556,0.0253668,0.0084556,0.0253668,0.0084556,0.0253668,0.0084556
158,46806.7,1.1133,0.9186,1.21142,0.85127,0.74428,0.83895,0.6045,0.87103,0.61207,1.10371,0.0253371,0.0084457,0.0253371,0.0084457,0.0253371,0.0084457,0.0253371,0.0084457
159,47100.6,1.11606,0.91996,1.21067,0.85194,0.74472,0.83911,0.6042,0.87111,0.61251,1.10375,0.0253074,0.0084358,0.0253074,0.0084358,0.0253074,0.0084358,0.0253074,0.0084358
160,47397.9,1.11561,0.91964,1.20921,0.85242,0.7451,0.83821,0.60419,0.8715,0.61235,1.10386,0.0252777,0.0084259,0.0252777,0.0084259,0.0252777,0.0084259,0.0252777,0.0084259
161,47691.3,1.11546,0.91736,1.20926,0.85128,0.74635,0.83791,0.60413,0.87141,0.61255,1.10365,0.025248,0.008416,0.025248,0.008416,0.025248,0.008416,0.025248,0.008416
162,47984.8,1.11144,0.91601,1.20835,0.84933,0.74785,0.83872,0.60432,0.87165,0.61236,1.10361,0.0252183,0.0084061,0.0252183,0.0084061,0.0252183,0.0084061,0.0252183,0.0084061
163,48277.7,1.11481,0.91818,1.20954,0.85041,0.74708,0.8388,0.60433,0.87182,0.61258,1.10344,0.0251886,0.0083962,0.0251886,0.0083962,0.0251886,0.0083962,0.0251886,0.0083962
164,48571.3,1.11321,0.91674,1.20909,0.85043,0.74737,0.83915,0.60393,0.87211,0.61277,1.10331,0.0251589,0.0083863,0.0251589,0.0083863,0.0251589,0.0083863,0.0251589,0.0083863
165,48867.1,1.11339,0.91665,1.20902,0.85163,0.7464,0.83908,0.60428,0.87277,0.61264,1.10365,0.0251292,0.0083764,0.0251292,0.0083764,0.0251292,0.0083764,0.0251292,0.0083764
166,49159.3,1.11492,0.92085,1.20914,0.8486,0.74893,0.83899,0.60425,0.87319,0.61243,1.10392,0.0250995,0.0083665,0.0250995,0.0083665,0.0250995,0.0083665,0.0250995,0.0083665
167,49454,1.11203,0.91603,1.20799,0.85043,0.74788,0.83915,0.6044,0.87339,0.61217,1.10428,0.0250698,0.0083566,0.0250698,0.0083566,0.0250698,0.0083566,0.0250698,0.0083566
168,49747.2,1.11212,0.91381,1.20811,0.84975,0.74903,0.83956,0.60437,0.87329,0.612,1.10419,0.0250401,0.0083467,0.0250401,0.0083467,0.0250401,0.0083467,0.0250401,0.0083467
169,50040,1.11469,0.91787,1.20967,0.84784,0.75016,0.83943,0.60425,0.87348,0.61187,1.10428,0.0250104,0.0083368,0.0250104,0.0083368,0.0250104,0.0083368,0.0250104,0.0083368
170,50331.6,1.11315,0.91685,1.20737,0.84882,0.74903,0.83861,0.6041,0.87293,0.61205,1.1039,0.0249807,0.0083269,0.0249807,0.0083269,0.0249807,0.0083269,0.0249807,0.0083269
171,50624.4,1.11346,0.91731,1.20841,0.84891,0.74876,0.83934,0.60397,0.87316,0.61213,1.10395,0.024951,0.008317,0.024951,0.008317,0.024951,0.008317,0.024951,0.008317
172,50916.8,1.11223,0.91602,1.20787,0.8489,0.74794,0.83944,0.60423,0.87289,0.61201,1.10364,0.0249213,0.0083071,0.0249213,0.0083071,0.0249213,0.0083071,0.0249213,0.0083071
173,51209.8,1.11232,0.91475,1.20851,0.84951,0.74794,0.83952,0.60441,0.87291,0.61158,1.10396,0.0248916,0.0082972,0.0248916,0.0082972,0.0248916,0.0082972,0.0248916,0.0082972
174,51505.9,1.1117,0.9163,1.20871,0.84816,0.74844,0.83951,0.60436,0.87277,0.61175,1.10392,0.0248619,0.0082873,0.0248619,0.0082873,0.0248619,0.0082873,0.0248619,0.0082873
175,51803.1,1.11262,0.91398,1.20761,0.84741,0.74862,0.83952,0.6041,0.87257,0.61178,1.10401,0.0248322,0.0082774,0.0248322,0.0082774,0.0248322,0.0082774,0.0248322,0.0082774
176,52098.7,1.11133,0.91571,1.20768,0.84765,0.74798,0.8396,0.60425,0.87246,0.61115,1.10398,0.0248025,0.0082675,0.0248025,0.0082675,0.0248025,0.0082675,0.0248025,0.0082675
177,52391.8,1.11194,0.91527,1.20909,0.84897,0.74707,0.83991,0.60442,0.87209,0.61122,1.10387,0.0247728,0.0082576,0.0247728,0.0082576,0.0247728,0.0082576,0.0247728,0.0082576
178,52688.2,1.11139,0.91579,1.20702,0.84932,0.74602,0.83973,0.60439,0.8715,0.61117,1.1034,0.0247431,0.0082477,0.0247431,0.0082477,0.0247431,0.0082477,0.0247431,0.0082477
179,52983.1,1.1117,0.91473,1.20675,0.84936,0.74694,0.83978,0.60464,0.87119,0.61103,1.10321,0.0247134,0.0082378,0.0247134,0.0082378,0.0247134,0.0082378,0.0247134,0.0082378
180,53279.7,1.10927,0.9135,1.20524,0.84993,0.74748,0.84024,0.60488,0.87049,0.61076,1.10292,0.0246837,0.0082279,0.0246837,0.0082279,0.0246837,0.0082279,0.0246837,0.0082279
181,53574.4,1.11106,0.91619,1.20587,0.84768,0.74844,0.84024,0.60477,0.87044,0.61057,1.1027,0.024654,0.008218,0.024654,0.008218,0.024654,0.008218,0.024654,0.008218
182,53868.6,1.11047,0.9146,1.20775,0.8509,0.74644,0.84039,0.60488,0.87054,0.6104,1.10312,0.0246243,0.0082081,0.0246243,0.0082081,0.0246243,0.0082081,0.0246243,0.0082081
183,54161,1.11239,0.91714,1.2084,0.85127,0.7473,0.84026,0.60499,0.87022,0.61067,1.10293,0.0245946,0.0081982,0.0245946,0.0081982,0.0245946,0.0081982,0.0245946,0.0081982
184,54457,1.11129,0.91582,1.20838,0.85056,0.74758,0.84035,0.60514,0.8698,0.61017,1.10273,0.0245649,0.0081883,0.0245649,0.0081883,0.0245649,0.0081883,0.0245649,0.0081883
185,54750.2,1.10956,0.91255,1.2065,0.85099,0.74803,0.84059,0.60555,0.8693,0.61021,1.10251,0.0245352,0.0081784,0.0245352,0.0081784,0.0245352,0.0081784,0.0245352,0.0081784
186,55043.2,1.11099,0.91217,1.2072,0.85214,0.74683,0.84031,0.60554,0.86907,0.6102,1.10223,0.0245055,0.0081685,0.0245055,0.0081685,0.0245055,0.0081685,0.0245055,0.0081685
187,55335.7,1.11164,0.91504,1.2066,0.85111,0.74779,0.84038,0.60554,0.86863,0.60963,1.10202,0.0244758,0.0081586,0.0244758,0.0081586,0.0244758,0.0081586,0.0244758,0.0081586
188,55629.6,1.11226,0.91528,1.20782,0.849,0.74876,0.84073,0.60585,0.86824,0.60886,1.10188,0.0244461,0.0081487,0.0244461,0.0081487,0.0244461,0.0081487,0.0244461,0.0081487
189,55924.6,1.11064,0.91631,1.20992,0.84884,0.74939,0.84059,0.60549,0.86813,0.60894,1.10186,0.0244164,0.0081388,0.0244164,0.0081388,0.0244164,0.0081388,0.0244164,0.0081388
190,56222.5,1.11231,0.91123,1.20766,0.84887,0.74798,0.84063,0.60551,0.86814,0.60884,1.10177,0.0243867,0.0081289,0.0243867,0.0081289,0.0243867,0.0081289,0.0243867,0.0081289
191,56515.4,1.1105,0.91395,1.20822,0.84954,0.74911,0.84093,0.60556,0.86786,0.60892,1.10132,0.024357,0.008119,0.024357,0.008119,0.024357,0.008119,0.024357,0.008119
192,56807.7,1.11051,0.91207,1.20649,0.85199,0.74739,0.84084,0.60563,0.86741,0.60889,1.10086,0.0243273,0.0081091,0.0243273,0.0081091,0.0243273,0.0081091,0.0243273,0.0081091
193,57098.6,1.10762,0.91122,1.2052,0.85171,0.74715,0.8406,0.60557,0.86732,0.60803,1.10096,0.0242976,0.0080992,0.0242976,0.0080992,0.0242976,0.0080992,0.0242976,0.0080992
194,57394.8,1.11072,0.91409,1.20532,0.85118,0.74715,0.84023,0.60548,0.86701,0.60816,1.10054,0.0242679,0.0080893,0.0242679,0.0080893,0.0242679,0.0080893,0.0242679,0.0080893
195,57689.9,1.10751,0.91071,1.20406,0.84947,0.74815,0.84034,0.60568,0.86635,0.6081,1.10017,0.0242382,0.0080794,0.0242382,0.0080794,0.0242382,0.0080794,0.0242382,0.0080794
196,57988.5,1.11062,0.91098,1.20669,0.85047,0.7488,0.83975,0.60581,0.86628,0.60763,1.09999,0.0242085,0.0080695,0.0242085,0.0080695,0.0242085,0.0080695,0.0242085,0.0080695
197,58283.4,1.10847,0.91387,1.20665,0.85216,0.74855,0.84,0.60576,0.86641,0.60739,1.10005,0.0241788,0.0080596,0.0241788,0.0080596,0.0241788,0.0080596,0.0241788,0.0080596
198,58579.2,1.10797,0.91265,1.20571,0.85296,0.74676,0.84066,0.60615,0.86651,0.60762,1.09998,0.0241491,0.0080497,0.0241491,0.0080497,0.0241491,0.0080497,0.0241491,0.0080497
199,58875.5,1.10823,0.90994,1.20594,0.85385,0.74594,0.84055,0.60599,0.86717,0.60747,1.10044,0.0241194,0.0080398,0.0241194,0.0080398,0.0241194,0.0080398,0.0241194,0.0080398
200,59170.3,1.10788,0.91033,1.20615,0.85228,0.74753,0.8409,0.60637,0.86706,0.60717,1.10072,0.0240897,0.0080299,0.0240897,0.0080299,0.0240897,0.0080299,0.0240897,0.0080299
201,59463.1,1.10868,0.91135,1.20606,0.85312,0.7478,0.84094,0.60683,0.86639,0.60722,1.10058,0.02406,0.00802,0.02406,0.00802,0.02406,0.00802,0.02406,0.00802
202,59756.2,1.10877,0.90935,1.20377,0.85225,0.74893,0.84079,0.60686,0.86665,0.60742,1.10087,0.0240303,0.0080101,0.0240303,0.0080101,0.0240303,0.0080101,0.0240303,0.0080101
203,60050.1,1.1099,0.91283,1.20512,0.85114,0.74916,0.84117,0.60678,0.86573,0.60747,1.10021,0.0240006,0.0080002,0.0240006,0.0080002,0.0240006,0.0080002,0.0240006,0.0080002
204,60343.4,1.10987,0.9127,1.20573,0.85149,0.74835,0.84114,0.6068,0.86558,0.60769,1.09997,0.0239709,0.0079903,0.0239709,0.0079903,0.0239709,0.0079903,0.0239709,0.0079903
205,60636,1.10982,0.91231,1.20554,0.85187,0.74875,0.84092,0.60632,0.86609,0.60738,1.10019,0.0239412,0.0079804,0.0239412,0.0079804,0.0239412,0.0079804,0.0239412,0.0079804
206,60928.4,1.10661,0.90907,1.20434,0.85209,0.74836,0.84112,0.60631,0.86644,0.60737,1.10052,0.0239115,0.0079705,0.0239115,0.0079705,0.0239115,0.0079705,0.0239115,0.0079705
207,61222.7,1.10656,0.90938,1.20435,0.85466,0.74767,0.84116,0.60658,0.86612,0.60775,1.10001,0.0238818,0.0079606,0.0238818,0.0079606,0.0238818,0.0079606,0.0238818,0.0079606
208,61518.5,1.10776,0.91037,1.20574,0.85502,0.74767,0.8409,0.6069,0.86625,0.60782,1.09979,0.0238521,0.0079507,0.0238521,0.0079507,0.0238521,0.0079507,0.0238521,0.0079507
209,61818,1.11081,0.91096,1.20572,0.85551,0.74685,0.84109,0.60703,0.86633,0.60708,1.0998,0.0238224,0.0079408,0.0238224,0.0079408,0.0238224,0.0079408,0.0238224,0.0079408
210,62115.3,1.10824,0.90934,1.20377,0.85366,0.74803,0.84119,0.60721,0.86632,0.60655,1.09996,0.0237927,0.0079309,0.0237927,0.0079309,0.0237927,0.0079309,0.0237927,0.0079309
211,62410.4,1.10796,0.9086,1.20296,0.85338,0.74825,0.84116,0.60712,0.86645,0.60624,1.09995,0.023763,0.007921,0.023763,0.007921,0.023763,0.007921,0.023763,0.007921
212,62703.9,1.10759,0.91003,1.20138,0.85193,0.74961,0.84121,0.60716,0.86665,0.606,1.0997,0.0237333,0.0079111,0.0237333,0.0079111,0.0237333,0.0079111,0.0237333,0.0079111
213,62997.9,1.10829,0.91183,1.20331,0.85119,0.74912,0.84106,0.60716,0.86628,0.60574,1.09974,0.0237036,0.0079012,0.0237036,0.0079012,0.0237036,0.0079012,0.0237036,0.0079012
214,63291.8,1.10686,0.91024,1.20288,0.85203,0.74912,0.84101,0.60702,0.86652,0.60592,1.09978,0.0236739,0.0078913,0.0236739,0.0078913,0.0236739,0.0078913,0.0236739,0.0078913
215,63586.9,1.10743,0.90827,1.20359,0.84959,0.75042,0.84098,0.60694,0.86627,0.60593,1.09944,0.0236442,0.0078814,0.0236442,0.0078814,0.0236442,0.0078814,0.0236442,0.0078814
216,63884,1.10886,0.91072,1.20331,0.85009,0.75075,0.8412,0.60702,0.8662,0.60588,1.09959,0.0236145,0.0078715,0.0236145,0.0078715,0.0236145,0.0078715,0.0236145,0.0078715
217,64180.8,1.10844,0.91028,1.20233,0.8509,0.74992,0.84127,0.60701,0.86564,0.60624,1.09912,0.0235848,0.0078616,0.0235848,0.0078616,0.0235848,0.0078616,0.0235848,0.0078616
218,64481.3,1.10584,0.90659,1.20302,0.85132,0.74975,0.84139,0.60704,0.86547,0.60617,1.09892,0.0235551,0.0078517,0.0235551,0.0078517,0.0235551,0.0078517,0.0235551,0.0078517
219,64779.8,1.10645,0.9082,1.20112,0.85134,0.74961,0.84121,0.60719,0.86535,0.60613,1.0986,0.0235254,0.0078418,0.0235254,0.0078418,0.0235254,0.0078418,0.0235254,0.0078418
220,65083.1,1.10541,0.90717,1.2021,0.85231,0.74941,0.84138,0.60671,0.86548,0.60582,1.09878,0.0234957,0.0078319,0.0234957,0.0078319,0.0234957,0.0078319,0.0234957,0.0078319
221,65374.1,1.10547,0.90712,1.20318,0.84927,0.75161,0.84128,0.60691,0.8653,0.6058,1.09852,0.023466,0.007822,0.023466,0.007822,0.023466,0.007822,0.023466,0.007822
222,65672,1.10648,0.90764,1.20421,0.85024,0.75038,0.84139,0.607,0.86563,0.60503,1.09894,0.0234363,0.0078121,0.0234363,0.0078121,0.0234363,0.0078121,0.0234363,0.0078121
223,65967.1,1.10555,0.90723,1.20456,0.85007,0.7512,0.84151,0.60697,0.86566,0.60488,1.0991,0.0234066,0.0078022,0.0234066,0.0078022,0.0234066,0.0078022,0.0234066,0.0078022
224,66261.3,1.1066,0.90929,1.20345,0.85074,0.7507,0.84174,0.60718,0.86623,0.60437,1.09943,0.0233769,0.0077923,0.0233769,0.0077923,0.0233769,0.0077923,0.0233769,0.0077923
225,66552.3,1.10742,0.90808,1.2032,0.85073,0.74966,0.84172,0.60698,0.86636,0.60439,1.09927,0.0233472,0.0077824,0.0233472,0.0077824,0.0233472,0.0077824,0.0233472,0.0077824
226,66842.6,1.1063,0.90644,1.20337,0.85084,0.74975,0.84172,0.60698,0.86691,0.60348,1.09938,0.0233175,0.0077725,0.0233175,0.0077725,0.0233175,0.0077725,0.0233175,0.0077725
227,67132.4,1.10631,0.90555,1.20368,0.851,0.75043,0.84159,0.60711,0.86666,0.60309,1.09919,0.0232878,0.0077626,0.0232878,0.0077626,0.0232878,0.0077626,0.0232878,0.0077626
228,67422.7,1.10421,0.90565,1.20349,0.8508,0.74975,0.84155,0.60737,0.86702,0.60336,1.0996,0.0232581,0.0077527,0.0232581,0.0077527,0.0232581,0.0077527,0.0232581,0.0077527
229,67718.4,1.10569,0.90665,1.20254,0.85053,0.74971,0.84139,0.60749,0.86714,0.60319,1.09996,0.0232284,0.0077428,0.0232284,0.0077428,0.0232284,0.0077428,0.0232284,0.0077428
230,68013.9,1.10482,0.90501,1.20333,0.85059,0.75016,0.84164,0.60762,0.86745,0.60324,1.10002,0.0231987,0.0077329,0.0231987,0.0077329,0.0231987,0.0077329,0.0231987,0.0077329
231,68309.7,1.10558,0.90544,1.20287,0.85072,0.75011,0.84148,0.60756,0.86707,0.60287,1.09996,0.023169,0.007723,0.023169,0.007723,0.023169,0.007723,0.023169,0.007723
232,68604.7,1.10464,0.90565,1.2018,0.85185,0.75006,0.84181,0.60762,0.86711,0.60263,1.10002,0.0231393,0.0077131,0.0231393,0.0077131,0.0231393,0.0077131,0.0231393,0.0077131
233,68899.1,1.10623,0.90748,1.20247,0.85065,0.74966,0.84175,0.60799,0.86677,0.60291,1.10001,0.0231096,0.0077032,0.0231096,0.0077032,0.0231096,0.0077032,0.0231096,0.0077032
234,69193.2,1.10411,0.90762,1.20289,0.85234,0.74925,0.84191,0.60783,0.86637,0.60316,1.09947,0.0230799,0.0076933,0.0230799,0.0076933,0.0230799,0.0076933,0.0230799,0.0076933
235,69486,1.10554,0.90452,1.20191,0.85211,0.74955,0.84186,0.60789,0.86622,0.60336,1.09966,0.0230502,0.0076834,0.0230502,0.0076834,0.0230502,0.0076834,0.0230502,0.0076834
236,69779,1.10512,0.90852,1.20233,0.85131,0.74974,0.8421,0.60811,0.86567,0.60326,1.09955,0.0230205,0.0076735,0.0230205,0.0076735,0.0230205,0.0076735,0.0230205,0.0076735
237,70072.9,1.10462,0.9053,1.20116,0.85091,0.74998,0.84183,0.60806,0.86516,0.60353,1.09881,0.0229908,0.0076636,0.0229908,0.0076636,0.0229908,0.0076636,0.0229908,0.0076636
238,70366.9,1.10534,0.90643,1.20248,0.85371,0.74855,0.84203,0.60785,0.86434,0.60389,1.09848,0.0229611,0.0076537,0.0229611,0.0076537,0.0229611,0.0076537,0.0229611,0.0076537
239,70659.2,1.10457,0.90546,1.20086,0.85395,0.74869,0.84175,0.6079,0.86454,0.60382,1.09847,0.0229314,0.0076438,0.0229314,0.0076438,0.0229314,0.0076438,0.0229314,0.0076438
240,70955.6,1.10544,0.90693,1.20285,0.85364,0.74835,0.84177,0.60772,0.8645,0.60393,1.09845,0.0229017,0.0076339,0.0229017,0.0076339,0.0229017,0.0076339,0.0229017,0.0076339
241,71249.9,1.10321,0.90578,1.20268,0.85396,0.74874,0.84218,0.60763,0.86469,0.60411,1.09858,0.022872,0.007624,0.022872,0.007624,0.022872,0.007624,0.022872,0.007624
242,71546.9,1.10188,0.90263,1.20063,0.85402,0.74739,0.84175,0.60777,0.8649,0.60362,1.09871,0.0228423,0.0076141,0.0228423,0.0076141,0.0228423,0.0076141,0.0228423,0.0076141
243,71844.6,1.10423,0.90464,1.20341,0.85264,0.74875,0.84192,0.6077,0.86443,0.60272,1.09849,0.0228126,0.0076042,0.0228126,0.0076042,0.0228126,0.0076042,0.0228126,0.0076042
244,72142.4,1.10439,0.90693,1.20202,0.85435,0.74753,0.84225,0.60798,0.86418,0.60297,1.09832,0.0227829,0.0075943,0.0227829,0.0075943,0.0227829,0.0075943,0.0227829,0.0075943
245,72437.1,1.10449,0.90815,1.20281,0.85489,0.74703,0.84211,0.60796,0.86427,0.60252,1.09844,0.0227532,0.0075844,0.0227532,0.0075844,0.0227532,0.0075844,0.0227532,0.0075844
246,72733,1.10284,0.90483,1.20098,0.85425,0.74783,0.84212,0.60794,0.86432,0.60238,1.09848,0.0227235,0.0075745,0.0227235,0.0075745,0.0227235,0.0075745,0.0227235,0.0075745
247,73028.6,1.10116,0.90364,1.20237,0.85355,0.74787,0.84222,0.60791,0.86389,0.60272,1.09813,0.0226938,0.0075646,0.0226938,0.0075646,0.0226938,0.0075646,0.0226938,0.0075646
248,73325.5,1.10426,0.90561,1.20191,0.85176,0.7498,0.84241,0.60788,0.86403,0.60239,1.09835,0.0226641,0.0075547,0.0226641,0.0075547,0.0226641,0.0075547,0.0226641,0.0075547
249,73621.4,1.10275,0.90347,1.20139,0.85229,0.74906,0.84234,0.60787,0.86371,0.60228,1.0983,0.0226344,0.0075448,0.0226344,0.0075448,0.0226344,0.0075448,0.0226344,0.0075448
250,73918.3,1.10357,0.90374,1.20197,0.85233,0.74921,0.84224,0.60785,0.86372,0.60223,1.09818,0.0226047,0.0075349,0.0226047,0.0075349,0.0226047,0.0075349,0.0226047,0.0075349
251,74215.5,1.10477,0.90471,1.20134,0.85349,0.74871,0.84246,0.60798,0.8636,0.60204,1.09795,0.022575,0.007525,0.022575,0.007525,0.022575,0.007525,0.022575,0.007525
252,74513.9,1.10309,0.90409,1.20199,0.85455,0.74703,0.84213,0.60765,0.86392,0.60192,1.09842,0.0225453,0.0075151,0.0225453,0.0075151,0.0225453,0.0075151,0.0225453,0.0075151
253,74810.5,1.10111,0.90276,1.20021,0.85579,0.74672,0.84215,0.60767,0.86372,0.60199,1.09828,0.0225156,0.0075052,0.0225156,0.0075052,0.0225156,0.0075052,0.0225156,0.0075052
254,75106.2,1.1016,0.90394,1.20177,0.8547,0.74736,0.84259,0.6081,0.86318,0.60169,1.09787,0.0224859,0.0074953,0.0224859,0.0074953,0.0224859,0.0074953,0.0224859,0.0074953
255,75403.1,1.10262,0.90358,1.20018,0.85213,0.74853,0.84247,0.60796,0.86295,0.60195,1.09762,0.0224562,0.0074854,0.0224562,0.0074854,0.0224562,0.0074854,0.0224562,0.0074854
256,75696.7,1.10166,0.90495,1.20045,0.85217,0.7491,0.84259,0.60793,0.86312,0.60221,1.09779,0.0224265,0.0074755,0.0224265,0.0074755,0.0224265,0.0074755,0.0224265,0.0074755
257,75990.2,1.10188,0.90446,1.20173,0.85205,0.74973,0.84244,0.60818,0.86303,0.60202,1.09788,0.0223968,0.0074656,0.0223968,0.0074656,0.0223968,0.0074656,0.0223968,0.0074656
258,76284.9,1.09946,0.90432,1.199,0.85346,0.74903,0.84232,0.60807,0.8634,0.60201,1.09821,0.0223671,0.0074557,0.0223671,0.0074557,0.0223671,0.0074557,0.0223671,0.0074557
259,76577.9,1.10064,0.90244,1.19963,0.85005,0.75129,0.84227,0.60806,0.86322,0.60168,1.09828,0.0223374,0.0074458,0.0223374,0.0074458,0.0223374,0.0074458,0.0223374,0.0074458
260,76872.1,1.09978,0.90249,1.19895,0.84897,0.75188,0.84222,0.60835,0.86261,0.60169,1.09802,0.0223077,0.0074359,0.0223077,0.0074359,0.0223077,0.0074359,0.0223077,0.0074359
261,77164.7,1.0994,0.90243,1.19822,0.84931,0.7516,0.84233,0.60835,0.8621,0.60252,1.09722,0.022278,0.007426,0.022278,0.007426,0.022278,0.007426,0.022278,0.007426
262,77455.2,1.10269,0.90446,1.19856,0.84886,0.75147,0.84243,0.60822,0.86237,0.60244,1.09739,0.0222483,0.0074161,0.0222483,0.0074161,0.0222483,0.0074161,0.0222483,0.0074161
263,77782.7,1.10109,0.90179,1.19959,0.84898,0.74942,0.84216,0.6085,0.86252,0.60247,1.09757,0.0222186,0.0074062,0.0222186,0.0074062,0.0222186,0.0074062,0.0222186,0.0074062
264,78114.3,1.0997,0.90231,1.19866,0.85011,0.74964,0.84225,0.60828,0.86235,0.60266,1.09723,0.0221889,0.0073963,0.0221889,0.0073963,0.0221889,0.0073963,0.0221889,0.0073963
265,78411.8,1.10071,0.9004,1.20067,0.85082,0.74934,0.84218,0.60828,0.86213,0.60285,1.09726,0.0221592,0.0073864,0.0221592,0.0073864,0.0221592,0.0073864,0.0221592,0.0073864
266,78709.2,1.10204,0.90385,1.19978,0.84885,0.75061,0.84227,0.60832,0.86173,0.6036,1.09671,0.0221295,0.0073765,0.0221295,0.0073765,0.0221295,0.0073765,0.0221295,0.0073765
267,79005.5,1.10031,0.9017,1.20025,0.85075,0.74927,0.84224,0.60826,0.86229,0.6033,1.09723,0.0220998,0.0073666,0.0220998,0.0073666,0.0220998,0.0073666,0.0220998,0.0073666
268,79298.4,1.09894,0.90125,1.19798,0.85337,0.74758,0.84211,0.60807,0.86219,0.60361,1.09684,0.0220701,0.0073567,0.0220701,0.0073567,0.0220701,0.0073567,0.0220701,0.0073567
269,79592.6,1.10075,0.90234,1.19896,0.85425,0.74699,0.84218,0.60826,0.86145,0.60438,1.09608,0.0220404,0.0073468,0.0220404,0.0073468,0.0220404,0.0073468,0.0220404,0.0073468
270,79885.3,1.09806,0.90178,1.19802,0.85214,0.74708,0.84176,0.60801,0.86128,0.6046,1.09616,0.0220107,0.0073369,0.0220107,0.0073369,0.0220107,0.0073369,0.0220107,0.0073369
271,80194.5,1.09925,0.90132,1.19969,0.85161,0.74735,0.84179,0.60802,0.861,0.60454,1.09607,0.021981,0.007327,0.021981,0.007327,0.021981,0.007327,0.021981,0.007327
272,80508.1,1.09889,0.90169,1.20009,0.85256,0.74807,0.84187,0.60805,0.86041,0.60444,1.09582,0.0219513,0.0073171,0.0219513,0.0073171,0.0219513,0.0073171,0.0219513,0.0073171
273,80846.9,1.1002,0.90328,1.19939,0.85517,0.74615,0.8421,0.60821,0.86007,0.6045,1.09581,0.0219216,0.0073072,0.0219216,0.0073072,0.0219216,0.0073072,0.0219216,0.0073072
274,81166.7,1.10099,0.90272,1.2005,0.85051,0.7493,0.84209,0.60816,0.85978,0.60445,1.09565,0.0218919,0.0072973,0.0218919,0.0072973,0.0218919,0.0072973,0.0218919,0.0072973
275,81474.8,1.09837,0.90052,1.19915,0.84886,0.75161,0.84222,0.60825,0.85985,0.60478,1.09601,0.0218622,0.0072874,0.0218622,0.0072874,0.0218622,0.0072874,0.0218622,0.0072874
276,81769.5,1.09902,0.89968,1.19871,0.85207,0.74907,0.84203,0.60818,0.8592,0.60449,1.09579,0.0218325,0.0072775,0.0218325,0.0072775,0.0218325,0.0072775,0.0218325,0.0072775
277,82074,1.10007,0.90003,1.19891,0.85068,0.75025,0.84188,0.60815,0.85916,0.60421,1.09535,0.0218028,0.0072676,0.0218028,0.0072676,0.0218028,0.0072676,0.0218028,0.0072676
278,82367.5,1.09876,0.89896,1.19856,0.85054,0.74943,0.84178,0.60834,0.85877,0.60412,1.09522,0.0217731,0.0072577,0.0217731,0.0072577,0.0217731,0.0072577,0.0217731,0.0072577
279,82659.6,1.10003,0.90199,1.19913,0.85199,0.74958,0.84208,0.60865,0.8587,0.60407,1.09512,0.0217434,0.0072478,0.0217434,0.0072478,0.0217434,0.0072478,0.0217434,0.0072478
280,82951.6,1.09821,0.9016,1.19973,0.85125,0.75052,0.8425,0.60867,0.85927,0.60373,1.09575,0.0217137,0.0072379,0.0217137,0.0072379,0.0217137,0.0072379,0.0217137,0.0072379
281,83262.1,1.09725,0.89997,1.196,0.85171,0.75031,0.84284,0.60884,0.85932,0.60365,1.09589,0.021684,0.007228,0.021684,0.007228,0.021684,0.007228,0.021684,0.007228
282,83650.2,1.09982,0.90104,1.19998,0.85382,0.75061,0.84256,0.60869,0.85962,0.60339,1.09587,0.0216543,0.0072181,0.0216543,0.0072181,0.0216543,0.0072181,0.0216543,0.0072181
283,84287.3,1.09977,0.9005,1.19819,0.85519,0.74948,0.8428,0.60895,0.85999,0.60315,1.09603,0.0216246,0.0072082,0.0216246,0.0072082,0.0216246,0.0072082,0.0216246,0.0072082
284,85070,1.09779,0.89886,1.19876,0.85335,0.7507,0.84283,0.60926,0.8599,0.60322,1.096,0.0215949,0.0071983,0.0215949,0.0071983,0.0215949,0.0071983,0.0215949,0.0071983
285,85799.1,1.09598,0.89878,1.19945,0.85125,0.75238,0.8429,0.60941,0.85986,0.60264,1.09628,0.0215652,0.0071884,0.0215652,0.0071884,0.0215652,0.0071884,0.0215652,0.0071884
286,86774,1.09973,0.90015,1.19965,0.85217,0.75102,0.84257,0.60924,0.85974,0.60286,1.09635,0.0215355,0.0071785,0.0215355,0.0071785,0.0215355,0.0071785,0.0215355,0.0071785
287,87749,1.09817,0.8988,1.19919,0.85285,0.75031,0.84253,0.60927,0.85985,0.60281,1.09637,0.0215058,0.0071686,0.0215058,0.0071686,0.0215058,0.0071686,0.0215058,0.0071686
288,88650.1,1.09876,0.8992,1.19958,0.8532,0.75081,0.84252,0.60949,0.86065,0.60276,1.09656,0.0214761,0.0071587,0.0214761,0.0071587,0.0214761,0.0071587,0.0214761,0.0071587
289,90018.3,1.09727,0.89909,1.19904,0.85167,0.75229,0.84251,0.60906,0.86078,0.6031,1.09689,0.0214464,0.0071488,0.0214464,0.0071488,0.0214464,0.0071488,0.0214464,0.0071488
290,90815.8,1.09596,0.89758,1.19693,0.85173,0.75156,0.8427,0.60926,0.86109,0.60335,1.09717,0.0214167,0.0071389,0.0214167,0.0071389,0.0214167,0.0071389,0.0214167,0.0071389
291,91763.2,1.09868,0.89701,1.19776,0.85362,0.75066,0.84271,0.60936,0.86076,0.60244,1.09723,0.021387,0.007129,0.021387,0.007129,0.021387,0.007129,0.021387,0.007129
292,92651.8,1.09611,0.9001,1.19799,0.85512,0.74989,0.84278,0.60955,0.86084,0.60213,1.09736,0.0213573,0.0071191,0.0213573,0.0071191,0.0213573,0.0071191,0.0213573,0.0071191
293,93686.7,1.09897,0.90212,1.19703,0.85331,0.75097,0.84279,0.60949,0.86033,0.602,1.09661,0.0213276,0.0071092,0.0213276,0.0071092,0.0213276,0.0071092,0.0213276,0.0071092
294,94652.1,1.0956,0.89711,1.19753,0.85174,0.75204,0.84285,0.60956,0.86009,0.60233,1.09647,0.0212979,0.0070993,0.0212979,0.0070993,0.0212979,0.0070993,0.0212979,0.0070993
295,95526.6,1.09645,0.89936,1.19719,0.85108,0.75188,0.84266,0.60946,0.85955,0.60261,1.09564,0.0212682,0.0070894,0.0212682,0.0070894,0.0212682,0.0070894,0.0212682,0.0070894
296,96328.1,1.09731,0.89841,1.19719,0.85171,0.75131,0.84287,0.60969,0.85961,0.60297,1.09524,0.0212385,0.0070795,0.0212385,0.0070795,0.0212385,0.0070795,0.0212385,0.0070795
297,97221.4,1.096,0.89808,1.19616,0.85079,0.75208,0.843,0.60983,0.85957,0.60286,1.09499,0.0212088,0.0070696,0.0212088,0.0070696,0.0212088,0.0070696,0.0212088,0.0070696
298,98060.6,1.09689,0.89907,1.19635,0.85252,0.75102,0.84334,0.6099,0.85959,0.60261,1.09459,0.0211791,0.0070597,0.0211791,0.0070597,0.0211791,0.0070597,0.0211791,0.0070597
299,98983.9,1.09555,0.89823,1.19781,0.85307,0.75053,0.84306,0.61008,0.85923,0.60256,1.0943,0.0211494,0.0070498,0.0211494,0.0070498,0.0211494,0.0070498,0.0211494,0.0070498
300,99378.9,1.09743,0.89801,1.1972,0.85217,0.75129,0.84315,0.60996,0.8586,0.60286,1.09367,0.0211197,0.0070399,0.0211197,0.0070399,0.0211197,0.0070399,0.0211197,0.0070399
301,99690,1.09476,0.89463,1.19663,0.85566,0.7483,0.84303,0.60986,0.858,0.60253,1.09314,0.02109,0.00703,0.02109,0.00703,0.02109,0.00703,0.02109,0.00703
302,99996,1.09715,0.89821,1.19728,0.85765,0.74703,0.84323,0.61014,0.85783,0.60235,1.09286,0.0210603,0.0070201,0.0210603,0.0070201,0.0210603,0.0070201,0.0210603,0.0070201
303,100304,1.09406,0.89695,1.1968,0.85504,0.74853,0.843,0.61032,0.85783,0.6026,1.09289,0.0210306,0.0070102,0.0210306,0.0070102,0.0210306,0.0070102,0.0210306,0.0070102
304,100644,1.09503,0.8951,1.19636,0.85315,0.74916,0.84329,0.61041,0.85797,0.60247,1.09295,0.0210009,0.0070003,0.0210009,0.0070003,0.0210009,0.0070003,0.0210009,0.0070003
305,101055,1.09712,0.89758,1.19791,0.85403,0.74889,0.84296,0.61048,0.85838,0.60236,1.09361,0.0209712,0.0069904,0.0209712,0.0069904,0.0209712,0.0069904,0.0209712,0.0069904
306,101811,1.09502,0.8966,1.19586,0.85321,0.74925,0.84295,0.61013,0.85901,0.60205,1.09428,0.0209415,0.0069805,0.0209415,0.0069805,0.0209415,0.0069805,0.0209415,0.0069805
307,103227,1.09504,0.89481,1.19604,0.85334,0.74925,0.84286,0.61022,0.85886,0.60199,1.09418,0.0209118,0.0069706,0.0209118,0.0069706,0.0209118,0.0069706,0.0209118,0.0069706
308,104237,1.09618,0.89564,1.19666,0.85471,0.74871,0.84278,0.61032,0.85874,0.60199,1.09416,0.0208821,0.0069607,0.0208821,0.0069607,0.0208821,0.0069607,0.0208821,0.0069607
309,105650,1.09597,0.8973,1.19661,0.85378,0.74934,0.84312,0.61042,0.85837,0.60209,1.09406,0.0208524,0.0069508,0.0208524,0.0069508,0.0208524,0.0069508,0.0208524,0.0069508
310,106456,1.09592,0.89535,1.19642,0.85342,0.74889,0.84288,0.61031,0.85824,0.60209,1.09398,0.0208227,0.0069409,0.0208227,0.0069409,0.0208227,0.0069409,0.0208227,0.0069409
311,106748,1.09429,0.89723,1.19592,0.85324,0.74892,0.84292,0.61036,0.85827,0.60206,1.09371,0.020793,0.006931,0.020793,0.006931,0.020793,0.006931,0.020793,0.006931
312,107043,1.09298,0.89293,1.19507,0.85281,0.75061,0.84296,0.61051,0.85856,0.60175,1.09384,0.0207633,0.0069211,0.0207633,0.0069211,0.0207633,0.0069211,0.0207633,0.0069211
313,107351,1.09248,0.89508,1.1947,0.85235,0.75098,0.84281,0.61051,0.85825,0.60172,1.09361,0.0207336,0.0069112,0.0207336,0.0069112,0.0207336,0.0069112,0.0207336,0.0069112
314,107940,1.09535,0.8938,1.19534,0.85396,0.74921,0.84303,0.61043,0.8577,0.60163,1.09328,0.0207039,0.0069013,0.0207039,0.0069013,0.0207039,0.0069013,0.0207039,0.0069013
315,108762,1.09367,0.89254,1.19399,0.85133,0.75097,0.84307,0.61054,0.85737,0.60123,1.09305,0.0206742,0.0068914,0.0206742,0.0068914,0.0206742,0.0068914,0.0206742,0.0068914
316,109404,1.09694,0.89688,1.19631,0.85016,0.75211,0.84277,0.61058,0.85757,0.60131,1.09312,0.0206445,0.0068815,0.0206445,0.0068815,0.0206445,0.0068815,0.0206445,0.0068815
317,109700,1.09378,0.89468,1.19442,0.85089,0.75202,0.84262,0.61063,0.85747,0.6009,1.09318,0.0206148,0.0068716,0.0206148,0.0068716,0.0206148,0.0068716,0.0206148,0.0068716
318,109995,1.09345,0.89614,1.19447,0.85294,0.75007,0.84293,0.61077,0.85679,0.60062,1.09279,0.0205851,0.0068617,0.0205851,0.0068617,0.0205851,0.0068617,0.0205851,0.0068617
319,110289,1.09368,0.89496,1.19604,0.85294,0.75085,0.84299,0.6109,0.85635,0.59982,1.09279,0.0205554,0.0068518,0.0205554,0.0068518,0.0205554,0.0068518,0.0205554,0.0068518
320,110581,1.09596,0.89598,1.19712,0.85391,0.74925,0.84311,0.61089,0.85608,0.59986,1.09256,0.0205257,0.0068419,0.0205257,0.0068419,0.0205257,0.0068419,0.0205257,0.0068419
321,110877,1.09286,0.89257,1.19441,0.85273,0.75066,0.84298,0.61066,0.85603,0.59997,1.09204,0.020496,0.006832,0.020496,0.006832,0.020496,0.006832,0.020496,0.006832
322,111204,1.09215,0.89104,1.1938,0.8516,0.75122,0.84322,0.61079,0.85551,0.59985,1.09173,0.0204663,0.0068221,0.0204663,0.0068221,0.0204663,0.0068221,0.0204663,0.0068221
323,111512,1.0955,0.8941,1.19327,0.85323,0.74971,0.84279,0.61089,0.85536,0.59978,1.09158,0.0204366,0.0068122,0.0204366,0.0068122,0.0204366,0.0068122,0.0204366,0.0068122
324,111817,1.09542,0.89813,1.196,0.85259,0.75088,0.84284,0.61083,0.8546,0.60022,1.09118,0.0204069,0.0068023,0.0204069,0.0068023,0.0204069,0.0068023,0.0204069,0.0068023
325,112123,1.09217,0.89107,1.19383,0.85279,0.75052,0.84292,0.61069,0.8556,0.60033,1.09194,0.0203772,0.0067924,0.0203772,0.0067924,0.0203772,0.0067924,0.0203772,0.0067924
326,112431,1.09191,0.89267,1.19251,0.8533,0.75147,0.84371,0.61082,0.85613,0.59965,1.09209,0.0203475,0.0067825,0.0203475,0.0067825,0.0203475,0.0067825,0.0203475,0.0067825
327,112740,1.09277,0.8936,1.19417,0.85242,0.7514,0.84369,0.61077,0.85641,0.59935,1.09208,0.0203178,0.0067726,0.0203178,0.0067726,0.0203178,0.0067726,0.0203178,0.0067726
328,113047,1.09254,0.8936,1.19405,0.85201,0.75165,0.84344,0.61082,0.85646,0.599,1.09197,0.0202881,0.0067627,0.0202881,0.0067627,0.0202881,0.0067627,0.0202881,0.0067627
329,113356,1.09218,0.89228,1.19256,0.85197,0.75193,0.84345,0.61075,0.85703,0.59899,1.09193,0.0202584,0.0067528,0.0202584,0.0067528,0.0202584,0.0067528,0.0202584,0.0067528
330,113665,1.09284,0.89264,1.19341,0.85254,0.75002,0.84326,0.61083,0.85727,0.59855,1.09223,0.0202287,0.0067429,0.0202287,0.0067429,0.0202287,0.0067429,0.0202287,0.0067429
331,113971,1.09204,0.89199,1.19366,0.8531,0.74966,0.84291,0.61074,0.85704,0.5985,1.09236,0.020199,0.006733,0.020199,0.006733,0.020199,0.006733,0.020199,0.006733
332,114293,1.09086,0.89259,1.19493,0.85165,0.74971,0.84295,0.61117,0.85663,0.59817,1.09212,0.0201693,0.0067231,0.0201693,0.0067231,0.0201693,0.0067231,0.0201693,0.0067231
333,114611,1.09136,0.89151,1.19191,0.85215,0.74952,0.84312,0.61126,0.85616,0.59819,1.09176,0.0201396,0.0067132,0.0201396,0.0067132,0.0201396,0.0067132,0.0201396,0.0067132
334,114910,1.09092,0.89244,1.19324,0.8524,0.74862,0.84308,0.6114,0.85604,0.59832,1.0917,0.0201099,0.0067033,0.0201099,0.0067033,0.0201099,0.0067033,0.0201099,0.0067033
335,115205,1.09183,0.89441,1.19287,0.852,0.74916,0.84273,0.61145,0.85598,0.59822,1.09173,0.0200802,0.0066934,0.0200802,0.0066934,0.0200802,0.0066934,0.0200802,0.0066934
336,115502,1.09138,0.89121,1.19153,0.85345,0.74943,0.84307,0.61159,0.85591,0.5984,1.09133,0.0200505,0.0066835,0.0200505,0.0066835,0.0200505,0.0066835,0.0200505,0.0066835
337,115798,1.09319,0.89198,1.19152,0.85084,0.75011,0.84269,0.61153,0.85621,0.59829,1.09133,0.0200208,0.0066736,0.0200208,0.0066736,0.0200208,0.0066736,0.0200208,0.0066736
338,116094,1.09088,0.89021,1.19054,0.85223,0.74943,0.84285,0.61171,0.8557,0.59787,1.09083,0.0199911,0.0066637,0.0199911,0.0066637,0.0199911,0.0066637,0.0199911,0.0066637
339,116391,1.09297,0.89189,1.19281,0.85206,0.75029,0.84322,0.61174,0.85488,0.59762,1.09004,0.0199614,0.0066538,0.0199614,0.0066538,0.0199614,0.0066538,0.0199614,0.0066538
340,116694,1.0908,0.89155,1.19268,0.853,0.74871,0.84324,0.61209,0.85488,0.59742,1.09022,0.0199317,0.0066439,0.0199317,0.0066439,0.0199317,0.0066439,0.0199317,0.0066439
341,116996,1.09052,0.89162,1.1922,0.85332,0.74853,0.84322,0.61213,0.85497,0.59714,1.09022,0.019902,0.006634,0.019902,0.006634,0.019902,0.006634,0.019902,0.006634
342,117295,1.09261,0.89109,1.19362,0.85279,0.74887,0.84321,0.61215,0.85464,0.59703,1.09011,0.0198723,0.0066241,0.0198723,0.0066241,0.0198723,0.0066241,0.0198723,0.0066241
343,117593,1.08913,0.8908,1.19186,0.85007,0.75094,0.84347,0.61243,0.85449,0.59684,1.08983,0.0198426,0.0066142,0.0198426,0.0066142,0.0198426,0.0066142,0.0198426,0.0066142
344,117887,1.09278,0.89327,1.19474,0.84908,0.75176,0.84371,0.61217,0.85438,0.59667,1.08979,0.0198129,0.0066043,0.0198129,0.0066043,0.0198129,0.0066043,0.0198129,0.0066043
345,118181,1.09003,0.88823,1.19106,0.84979,0.75084,0.84363,0.61207,0.85517,0.59699,1.09027,0.0197832,0.0065944,0.0197832,0.0065944,0.0197832,0.0065944,0.0197832,0.0065944
346,118479,1.09253,0.89211,1.19219,0.84849,0.7517,0.84357,0.61195,0.8555,0.59667,1.09064,0.0197535,0.0065845,0.0197535,0.0065845,0.0197535,0.0065845,0.0197535,0.0065845
347,118776,1.08819,0.88879,1.18989,0.85106,0.74956,0.84401,0.61191,0.85576,0.59618,1.09082,0.0197238,0.0065746,0.0197238,0.0065746,0.0197238,0.0065746,0.0197238,0.0065746
348,119071,1.09085,0.89003,1.19187,0.85023,0.75088,0.84425,0.61195,0.85567,0.5959,1.09039,0.0196941,0.0065647,0.0196941,0.0065647,0.0196941,0.0065647,0.0196941,0.0065647
349,119367,1.08927,0.88889,1.19049,0.85028,0.75091,0.84387,0.61207,0.85551,0.59555,1.09017,0.0196644,0.0065548,0.0196644,0.0065548,0.0196644,0.0065548,0.0196644,0.0065548
350,119664,1.08974,0.88881,1.19215,0.8501,0.75112,0.84393,0.61227,0.85539,0.5953,1.09025,0.0196347,0.0065449,0.0196347,0.0065449,0.0196347,0.0065449,0.0196347,0.0065449
351,119958,1.087,0.88727,1.18901,0.85229,0.75006,0.84379,0.61233,0.85525,0.59499,1.08998,0.019605,0.006535,0.019605,0.006535,0.019605,0.006535,0.019605,0.006535
352,120251,1.0877,0.89011,1.18998,0.85208,0.75011,0.84401,0.61262,0.85501,0.59502,1.08939,0.0195753,0.0065251,0.0195753,0.0065251,0.0195753,0.0065251,0.0195753,0.0065251
353,120544,1.08897,0.88863,1.1913,0.85177,0.75075,0.84386,0.6125,0.85466,0.59513,1.08927,0.0195456,0.0065152,0.0195456,0.0065152,0.0195456,0.0065152,0.0195456,0.0065152
354,120835,1.08846,0.88696,1.19065,0.85253,0.75043,0.84397,0.61267,0.85473,0.59519,1.0895,0.0195159,0.0065053,0.0195159,0.0065053,0.0195159,0.0065053,0.0195159,0.0065053
355,121130,1.09259,0.89127,1.1928,0.85245,0.75156,0.84426,0.6128,0.85479,0.59485,1.08965,0.0194862,0.0064954,0.0194862,0.0064954,0.0194862,0.0064954,0.0194862,0.0064954
356,121423,1.08699,0.88841,1.19191,0.85247,0.75193,0.84392,0.61286,0.85467,0.59492,1.08951,0.0194565,0.0064855,0.0194565,0.0064855,0.0194565,0.0064855,0.0194565,0.0064855
357,121716,1.08957,0.89008,1.19274,0.85234,0.75306,0.84428,0.61317,0.85451,0.59506,1.08915,0.0194268,0.0064756,0.0194268,0.0064756,0.0194268,0.0064756,0.0194268,0.0064756
358,122009,1.08921,0.88631,1.1909,0.85277,0.75193,0.8444,0.61276,0.85487,0.5954,1.0892,0.0193971,0.0064657,0.0193971,0.0064657,0.0193971,0.0064657,0.0193971,0.0064657
359,122301,1.08945,0.88929,1.19173,0.85243,0.75288,0.84444,0.61273,0.85471,0.5955,1.08916,0.0193674,0.0064558,0.0193674,0.0064558,0.0193674,0.0064558,0.0193674,0.0064558
360,122594,1.08926,0.8904,1.1921,0.85365,0.75088,0.84433,0.61284,0.85453,0.59539,1.0891,0.0193377,0.0064459,0.0193377,0.0064459,0.0193377,0.0064459,0.0193377,0.0064459
361,122889,1.08809,0.8876,1.19108,0.85396,0.75115,0.84427,0.61261,0.85415,0.59516,1.08922,0.019308,0.006436,0.019308,0.006436,0.019308,0.006436,0.019308,0.006436
362,123182,1.0867,0.8868,1.19001,0.85336,0.75097,0.8442,0.61261,0.85404,0.5952,1.08882,0.0192783,0.0064261,0.0192783,0.0064261,0.0192783,0.0064261,0.0192783,0.0064261
363,123478,1.0858,0.88774,1.1904,0.85374,0.75143,0.84377,0.61289,0.85386,0.59541,1.08877,0.0192486,0.0064162,0.0192486,0.0064162,0.0192486,0.0064162,0.0192486,0.0064162
364,123775,1.08901,0.88823,1.19139,0.8544,0.75116,0.84396,0.61289,0.85317,0.59478,1.08833,0.0192189,0.0064063,0.0192189,0.0064063,0.0192189,0.0064063,0.0192189,0.0064063
365,124068,1.08826,0.88804,1.19002,0.85468,0.75152,0.84418,0.61292,0.85369,0.59451,1.08857,0.0191892,0.0063964,0.0191892,0.0063964,0.0191892,0.0063964,0.0191892,0.0063964
366,124362,1.08955,0.88685,1.19129,0.85459,0.75125,0.84426,0.61317,0.85364,0.59441,1.08847,0.0191595,0.0063865,0.0191595,0.0063865,0.0191595,0.0063865,0.0191595,0.0063865
367,124657,1.08694,0.88795,1.19054,0.85367,0.75156,0.84435,0.61372,0.85325,0.59386,1.08813,0.0191298,0.0063766,0.0191298,0.0063766,0.0191298,0.0063766,0.0191298,0.0063766
368,124952,1.08754,0.88701,1.19149,0.85345,0.7518,0.84468,0.61383,0.85301,0.59377,1.08814,0.0191001,0.0063667,0.0191001,0.0063667,0.0191001,0.0063667,0.0191001,0.0063667
369,125246,1.0869,0.88501,1.19027,0.85279,0.7507,0.84459,0.61401,0.85287,0.59367,1.08813,0.0190704,0.0063568,0.0190704,0.0063568,0.0190704,0.0063568,0.0190704,0.0063568
370,125540,1.08778,0.88852,1.19041,0.85094,0.75179,0.84482,0.61379,0.85281,0.59363,1.08839,0.0190407,0.0063469,0.0190407,0.0063469,0.0190407,0.0063469,0.0190407,0.0063469
371,125833,1.08598,0.88566,1.19022,0.85314,0.75098,0.84495,0.61382,0.85302,0.59314,1.08875,0.019011,0.006337,0.019011,0.006337,0.019011,0.006337,0.019011,0.006337
372,126125,1.08744,0.88566,1.19031,0.84914,0.75433,0.84479,0.61366,0.85252,0.59281,1.08905,0.0189813,0.0063271,0.0189813,0.0063271,0.0189813,0.0063271,0.0189813,0.0063271
373,126421,1.08487,0.88347,1.18905,0.8492,0.755,0.84493,0.61372,0.85212,0.59265,1.08854,0.0189516,0.0063172,0.0189516,0.0063172,0.0189516,0.0063172,0.0189516,0.0063172
374,126714,1.0856,0.88582,1.18927,0.84965,0.75374,0.84494,0.61399,0.85196,0.59285,1.08842,0.0189219,0.0063073,0.0189219,0.0063073,0.0189219,0.0063073,0.0189219,0.0063073
375,127009,1.08561,0.88531,1.1902,0.84945,0.75345,0.84508,0.61423,0.85141,0.59266,1.08811,0.0188922,0.0062974,0.0188922,0.0062974,0.0188922,0.0062974,0.0188922,0.0062974
376,127303,1.08714,0.88678,1.19073,0.84914,0.7544,0.84496,0.61396,0.85138,0.59255,1.08843,0.0188625,0.0062875,0.0188625,0.0062875,0.0188625,0.0062875,0.0188625,0.0062875
377,127604,1.08707,0.88524,1.19015,0.84965,0.75412,0.84473,0.61413,0.85082,0.59253,1.08741,0.0188328,0.0062776,0.0188328,0.0062776,0.0188328,0.0062776,0.0188328,0.0062776
378,127900,1.08794,0.88718,1.18982,0.85155,0.75301,0.84524,0.6144,0.85053,0.59274,1.08673,0.0188031,0.0062677,0.0188031,0.0062677,0.0188031,0.0062677,0.0188031,0.0062677
379,128195,1.08576,0.8849,1.19044,0.85152,0.75283,0.84506,0.61442,0.85025,0.5929,1.08641,0.0187734,0.0062578,0.0187734,0.0062578,0.0187734,0.0062578,0.0187734,0.0062578
380,128489,1.08705,0.88557,1.19057,0.85329,0.75152,0.84537,0.61432,0.85014,0.59245,1.08614,0.0187437,0.0062479,0.0187437,0.0062479,0.0187437,0.0062479,0.0187437,0.0062479
381,128781,1.0828,0.88367,1.18858,0.85535,0.74952,0.84515,0.6142,0.85054,0.59246,1.08649,0.018714,0.006238,0.018714,0.006238,0.018714,0.006238,0.018714,0.006238
382,129074,1.08466,0.88241,1.18988,0.85479,0.74949,0.84468,0.61354,0.8513,0.59257,1.08715,0.0186843,0.0062281,0.0186843,0.0062281,0.0186843,0.0062281,0.0186843,0.0062281
383,129369,1.08512,0.88481,1.19019,0.85553,0.74925,0.84468,0.61344,0.85164,0.59286,1.08751,0.0186546,0.0062182,0.0186546,0.0062182,0.0186546,0.0062182,0.0186546,0.0062182
384,129668,1.08454,0.88317,1.18952,0.85806,0.7478,0.84492,0.61358,0.85208,0.5926,1.08809,0.0186249,0.0062083,0.0186249,0.0062083,0.0186249,0.0062083,0.0186249,0.0062083
385,129965,1.08675,0.88439,1.18877,0.85789,0.74839,0.84471,0.61349,0.85171,0.59249,1.08798,0.0185952,0.0061984,0.0185952,0.0061984,0.0185952,0.0061984,0.0185952,0.0061984
386,130260,1.08613,0.88631,1.18914,0.85692,0.74848,0.84468,0.6136,0.85199,0.59281,1.088,0.0185655,0.0061885,0.0185655,0.0061885,0.0185655,0.0061885,0.0185655,0.0061885
387,130559,1.08409,0.88328,1.18876,0.85757,0.74781,0.84469,0.61355,0.85208,0.59264,1.08765,0.0185358,0.0061786,0.0185358,0.0061786,0.0185358,0.0061786,0.0185358,0.0061786
388,130857,1.0842,0.8828,1.18721,0.85762,0.74753,0.84508,0.61402,0.85222,0.59222,1.08749,0.0185061,0.0061687,0.0185061,0.0061687,0.0185061,0.0061687,0.0185061,0.0061687
389,131152,1.08586,0.88493,1.18935,0.85946,0.74694,0.84493,0.61356,0.85266,0.59232,1.08781,0.0184764,0.0061588,0.0184764,0.0061588,0.0184764,0.0061588,0.0184764,0.0061588
390,131449,1.0846,0.88193,1.18876,0.86012,0.74693,0.84532,0.61395,0.85279,0.59157,1.08795,0.0184467,0.0061489,0.0184467,0.0061489,0.0184467,0.0061489,0.0184467,0.0061489
391,131746,1.08684,0.88462,1.18863,0.85696,0.74903,0.84519,0.61421,0.85274,0.59127,1.08794,0.018417,0.006139,0.018417,0.006139,0.018417,0.006139,0.018417,0.006139
392,132047,1.08456,0.88312,1.18729,0.85618,0.74948,0.8452,0.61414,0.85236,0.59103,1.08764,0.0183873,0.0061291,0.0183873,0.0061291,0.0183873,0.0061291,0.0183873,0.0061291
393,132346,1.08285,0.88382,1.18773,0.85592,0.75007,0.8453,0.61433,0.85225,0.59142,1.08738,0.0183576,0.0061192,0.0183576,0.0061192,0.0183576,0.0061192,0.0183576,0.0061192
394,132642,1.0852,0.88341,1.18915,0.85696,0.7493,0.84534,0.61428,0.8519,0.59124,1.08747,0.0183279,0.0061093,0.0183279,0.0061093,0.0183279,0.0061093,0.0183279,0.0061093
395,132937,1.08444,0.88433,1.18826,0.85778,0.74877,0.84537,0.61417,0.8517,0.5913,1.08751,0.0182982,0.0060994,0.0182982,0.0060994,0.0182982,0.0060994,0.0182982,0.0060994
396,133233,1.084,0.8832,1.19077,0.85649,0.75069,0.84562,0.61445,0.85089,0.59117,1.08738,0.0182685,0.0060895,0.0182685,0.0060895,0.0182685,0.0060895,0.0182685,0.0060895
397,133527,1.08376,0.8824,1.1886,0.85596,0.75151,0.84568,0.61453,0.85075,0.59105,1.08771,0.0182388,0.0060796,0.0182388,0.0060796,0.0182388,0.0060796,0.0182388,0.0060796
398,133823,1.08303,0.88254,1.18856,0.85684,0.75111,0.84567,0.61429,0.85056,0.59075,1.08791,0.0182091,0.0060697,0.0182091,0.0060697,0.0182091,0.0060697,0.0182091,0.0060697
399,134117,1.08281,0.88298,1.18858,0.85788,0.74952,0.84565,0.61473,0.85032,0.59098,1.08779,0.0181794,0.0060598,0.0181794,0.0060598,0.0181794,0.0060598,0.0181794,0.0060598
400,134417,1.08301,0.88232,1.18749,0.85988,0.74744,0.84564,0.61482,0.85062,0.59081,1.08779,0.0181497,0.0060499,0.0181497,0.0060499,0.0181497,0.0060499,0.0181497,0.0060499
401,134712,1.08358,0.88056,1.18602,0.85566,0.75179,0.84566,0.6145,0.85043,0.59116,1.08741,0.01812,0.00604,0.01812,0.00604,0.01812,0.00604,0.01812,0.00604
402,135008,1.08342,0.88228,1.18757,0.85532,0.75297,0.84587,0.61476,0.85095,0.59097,1.0875,0.0180903,0.0060301,0.0180903,0.0060301,0.0180903,0.0060301,0.0180903,0.0060301
403,135303,1.08304,0.8827,1.18695,0.85421,0.75351,0.84582,0.61434,0.85122,0.59111,1.08728,0.0180606,0.0060202,0.0180606,0.0060202,0.0180606,0.0060202,0.0180606,0.0060202
404,135597,1.08361,0.88225,1.18766,0.85641,0.75155,0.84593,0.61454,0.85108,0.59085,1.0873,0.0180309,0.0060103,0.0180309,0.0060103,0.0180309,0.0060103,0.0180309,0.0060103
405,135892,1.08213,0.88245,1.18803,0.85585,0.75107,0.84569,0.61482,0.85086,0.59101,1.0873,0.0180012,0.0060004,0.0180012,0.0060004,0.0180012,0.0060004,0.0180012,0.0060004
406,136187,1.08114,0.88222,1.18851,0.85628,0.75093,0.84558,0.6149,0.85102,0.59104,1.0875,0.0179715,0.0059905,0.0179715,0.0059905,0.0179715,0.0059905,0.0179715,0.0059905
407,136483,1.0791,0.87909,1.18753,0.85687,0.75059,0.84567,0.61488,0.85091,0.59078,1.08752,0.0179418,0.0059806,0.0179418,0.0059806,0.0179418,0.0059806,0.0179418,0.0059806
408,136782,1.08355,0.88145,1.18877,0.85633,0.75,0.8452,0.61482,0.85034,0.59123,1.08711,0.0179121,0.0059707,0.0179121,0.0059707,0.0179121,0.0059707,0.0179121,0.0059707
409,137079,1.08266,0.8796,1.187,0.85848,0.7488,0.84541,0.61455,0.85092,0.59124,1.08736,0.0178824,0.0059608,0.0178824,0.0059608,0.0178824,0.0059608,0.0178824,0.0059608
410,137373,1.08107,0.87891,1.18575,0.85901,0.74816,0.84529,0.61449,0.851,0.59155,1.08749,0.0178527,0.0059509,0.0178527,0.0059509,0.0178527,0.0059509,0.0178527,0.0059509
411,137670,1.08235,0.88047,1.18824,0.85734,0.74893,0.84504,0.61447,0.85108,0.59172,1.08759,0.017823,0.005941,0.017823,0.005941,0.017823,0.005941,0.017823,0.005941
412,137968,1.08174,0.88027,1.18616,0.85794,0.7488,0.84507,0.61442,0.85124,0.5921,1.08756,0.0177933,0.0059311,0.0177933,0.0059311,0.0177933,0.0059311,0.0177933,0.0059311
413,138263,1.08192,0.88125,1.18451,0.85905,0.74785,0.84479,0.61414,0.8514,0.59228,1.08759,0.0177636,0.0059212,0.0177636,0.0059212,0.0177636,0.0059212,0.0177636,0.0059212
414,138559,1.08213,0.88116,1.18629,0.85813,0.74767,0.84477,0.61461,0.85131,0.59207,1.08735,0.0177339,0.0059113,0.0177339,0.0059113,0.0177339,0.0059113,0.0177339,0.0059113
415,138855,1.08005,0.87909,1.18516,0.85799,0.74817,0.84509,0.61463,0.85087,0.59195,1.08732,0.0177042,0.0059014,0.0177042,0.0059014,0.0177042,0.0059014,0.0177042,0.0059014
416,139150,1.08178,0.88056,1.18708,0.85901,0.74644,0.84461,0.61444,0.85083,0.59207,1.08718,0.0176745,0.0058915,0.0176745,0.0058915,0.0176745,0.0058915,0.0176745,0.0058915
417,139443,1.07995,0.88082,1.18545,0.85737,0.74713,0.84455,0.61418,0.85083,0.59214,1.08702,0.0176448,0.0058816,0.0176448,0.0058816,0.0176448,0.0058816,0.0176448,0.0058816
418,139735,1.07988,0.87914,1.18558,0.85771,0.74649,0.84431,0.61423,0.85063,0.59208,1.0868,0.0176151,0.0058717,0.0176151,0.0058717,0.0176151,0.0058717,0.0176151,0.0058717
419,140030,1.08242,0.87899,1.18391,0.8581,0.7469,0.84455,0.61428,0.85069,0.59152,1.08673,0.0175854,0.0058618,0.0175854,0.0058618,0.0175854,0.0058618,0.0175854,0.0058618
420,140329,1.08219,0.87993,1.18714,0.85765,0.7469,0.84424,0.61412,0.85035,0.59139,1.08648,0.0175557,0.0058519,0.0175557,0.0058519,0.0175557,0.0058519,0.0175557,0.0058519
421,140627,1.08037,0.87812,1.18489,0.85868,0.74639,0.84459,0.61387,0.85045,0.59115,1.08656,0.017526,0.005842,0.017526,0.005842,0.017526,0.005842,0.017526,0.005842
422,140925,1.08042,0.87891,1.1842,0.85792,0.74635,0.84456,0.61391,0.85029,0.59084,1.08609,0.0174963,0.0058321,0.0174963,0.0058321,0.0174963,0.0058321,0.0174963,0.0058321
423,141217,1.07813,0.87663,1.18368,0.85427,0.74862,0.84491,0.61393,0.85082,0.59076,1.08651,0.0174666,0.0058222,0.0174666,0.0058222,0.0174666,0.0058222,0.0174666,0.0058222
424,141513,1.07886,0.87873,1.1832,0.85852,0.74622,0.8448,0.6136,0.85115,0.59036,1.0868,0.0174369,0.0058123,0.0174369,0.0058123,0.0174369,0.0058123,0.0174369,0.0058123
425,141807,1.0813,0.88033,1.18655,0.85601,0.74804,0.84503,0.61376,0.85163,0.59036,1.08702,0.0174072,0.0058024,0.0174072,0.0058024,0.0174072,0.0058024,0.0174072,0.0058024
426,142102,1.08079,0.87811,1.18459,0.85558,0.74863,0.84521,0.61392,0.85188,0.59071,1.08742,0.0173775,0.0057925,0.0173775,0.0057925,0.0173775,0.0057925,0.0173775,0.0057925
427,142399,1.08101,0.87864,1.18547,0.85525,0.74921,0.84505,0.61375,0.85236,0.59083,1.08777,0.0173478,0.0057826,0.0173478,0.0057826,0.0173478,0.0057826,0.0173478,0.0057826
428,142695,1.07894,0.87874,1.18406,0.85584,0.74887,0.84516,0.61389,0.85228,0.59088,1.08773,0.0173181,0.0057727,0.0173181,0.0057727,0.0173181,0.0057727,0.0173181,0.0057727
429,142987,1.07907,0.87724,1.18417,0.85493,0.74846,0.84529,0.61413,0.85239,0.59118,1.0878,0.0172884,0.0057628,0.0172884,0.0057628,0.0172884,0.0057628,0.0172884,0.0057628
430,143284,1.07938,0.87734,1.18471,0.85447,0.74946,0.84534,0.61423,0.85255,0.59086,1.08814,0.0172587,0.0057529,0.0172587,0.0057529,0.0172587,0.0057529,0.0172587,0.0057529
431,143580,1.07907,0.87851,1.1843,0.85441,0.75002,0.84537,0.61409,0.8528,0.59086,1.08858,0.017229,0.005743,0.017229,0.005743,0.017229,0.005743,0.017229,0.005743
432,143876,1.07791,0.87904,1.18528,0.85721,0.74914,0.84561,0.61415,0.85207,0.59045,1.08808,0.0171993,0.0057331,0.0171993,0.0057331,0.0171993,0.0057331,0.0171993,0.0057331
433,144174,1.07791,0.87872,1.18424,0.85654,0.75088,0.84584,0.61402,0.85176,0.59007,1.08762,0.0171696,0.0057232,0.0171696,0.0057232,0.0171696,0.0057232,0.0171696,0.0057232
434,144468,1.07822,0.87585,1.18558,0.85549,0.75097,0.84573,0.61423,0.85136,0.59002,1.08709,0.0171399,0.0057133,0.0171399,0.0057133,0.0171399,0.0057133,0.0171399,0.0057133
435,144761,1.07897,0.87514,1.18362,0.85836,0.74884,0.84575,0.61465,0.85152,0.58977,1.08714,0.0171102,0.0057034,0.0171102,0.0057034,0.0171102,0.0057034,0.0171102,0.0057034
436,145055,1.07851,0.87541,1.18328,0.85644,0.75014,0.8459,0.61445,0.85206,0.58953,1.08742,0.0170805,0.0056935,0.0170805,0.0056935,0.0170805,0.0056935,0.0170805,0.0056935
437,145350,1.07936,0.8783,1.18354,0.85651,0.75048,0.84589,0.61433,0.85199,0.58953,1.08746,0.0170508,0.0056836,0.0170508,0.0056836,0.0170508,0.0056836,0.0170508,0.0056836
438,145645,1.07738,0.87553,1.18233,0.85868,0.74971,0.84609,0.6145,0.85161,0.58961,1.08733,0.0170211,0.0056737,0.0170211,0.0056737,0.0170211,0.0056737,0.0170211,0.0056737
439,145938,1.07691,0.87556,1.18258,0.85764,0.7502,0.846,0.61419,0.85138,0.58912,1.08722,0.0169914,0.0056638,0.0169914,0.0056638,0.0169914,0.0056638,0.0169914,0.0056638
440,146232,1.07593,0.87517,1.18336,0.85634,0.75097,0.84609,0.61434,0.85162,0.5889,1.08729,0.0169617,0.0056539,0.0169617,0.0056539,0.0169617,0.0056539,0.0169617,0.0056539
441,146526,1.07592,0.87538,1.18276,0.85781,0.75043,0.84596,0.61429,0.85195,0.58851,1.08762,0.016932,0.005644,0.016932,0.005644,0.016932,0.005644,0.016932,0.005644
442,146820,1.07566,0.87371,1.18242,0.85648,0.75173,0.84627,0.61445,0.8522,0.5885,1.08776,0.0169023,0.0056341,0.0169023,0.0056341,0.0169023,0.0056341,0.0169023,0.0056341
443,147114,1.07605,0.87605,1.18556,0.85655,0.75152,0.84595,0.61431,0.8523,0.58877,1.08793,0.0168726,0.0056242,0.0168726,0.0056242,0.0168726,0.0056242,0.0168726,0.0056242
444,147407,1.07752,0.87331,1.18304,0.85253,0.75338,0.84574,0.61445,0.85183,0.58865,1.08732,0.0168429,0.0056143,0.0168429,0.0056143,0.0168429,0.0056143,0.0168429,0.0056143
445,147702,1.07777,0.87489,1.18415,0.85261,0.75279,0.84581,0.61479,0.85151,0.58832,1.08727,0.0168132,0.0056044,0.0168132,0.0056044,0.0168132,0.0056044,0.0168132,0.0056044
446,147995,1.07785,0.87603,1.18328,0.85319,0.75229,0.84575,0.61515,0.85031,0.58846,1.08644,0.0167835,0.0055945,0.0167835,0.0055945,0.0167835,0.0055945,0.0167835,0.0055945
447,148289,1.07626,0.87439,1.1821,0.85348,0.75134,0.84583,0.61516,0.85001,0.58889,1.08588,0.0167538,0.0055846,0.0167538,0.0055846,0.0167538,0.0055846,0.0167538,0.0055846
448,148584,1.07631,0.87387,1.18166,0.8555,0.74907,0.84595,0.61547,0.85034,0.58894,1.08638,0.0167241,0.0055747,0.0167241,0.0055747,0.0167241,0.0055747,0.0167241,0.0055747
449,148875,1.07693,0.87528,1.18336,0.8528,0.75105,0.84618,0.61529,0.84997,0.58927,1.0863,0.0166944,0.0055648,0.0166944,0.0055648,0.0166944,0.0055648,0.0166944,0.0055648
450,149169,1.07589,0.87549,1.1829,0.85309,0.75096,0.84592,0.61528,0.84969,0.58864,1.08625,0.0166647,0.0055549,0.0166647,0.0055549,0.0166647,0.0055549,0.0166647,0.0055549
451,149463,1.07632,0.87266,1.18305,0.8533,0.75156,0.84612,0.61567,0.84985,0.58804,1.08662,0.016635,0.005545,0.016635,0.005545,0.016635,0.005545,0.016635,0.005545
452,149758,1.07629,0.87434,1.18216,0.85348,0.75161,0.84615,0.61544,0.85009,0.58789,1.08699,0.0166053,0.0055351,0.0166053,0.0055351,0.0166053,0.0055351,0.0166053,0.0055351
453,150053,1.07605,0.87373,1.1815,0.85395,0.75256,0.84635,0.61508,0.85002,0.58761,1.08717,0.0165756,0.0055252,0.0165756,0.0055252,0.0165756,0.0055252,0.0165756,0.0055252
454,150348,1.07638,0.87433,1.18306,0.85531,0.75241,0.84618,0.61521,0.84994,0.58755,1.08706,0.0165459,0.0055153,0.0165459,0.0055153,0.0165459,0.0055153,0.0165459,0.0055153
455,150642,1.0759,0.8746,1.18047,0.85701,0.75184,0.84648,0.61549,0.84903,0.58743,1.08591,0.0165162,0.0055054,0.0165162,0.0055054,0.0165162,0.0055054,0.0165162,0.0055054
456,150936,1.07412,0.87233,1.18192,0.8572,0.75188,0.84632,0.61543,0.84832,0.587,1.0855,0.0164865,0.0054955,0.0164865,0.0054955,0.0164865,0.0054955,0.0164865,0.0054955
457,151230,1.07641,0.87204,1.18055,0.85724,0.75149,0.84621,0.61538,0.84787,0.58693,1.08505,0.0164568,0.0054856,0.0164568,0.0054856,0.0164568,0.0054856,0.0164568,0.0054856
458,151526,1.07679,0.87384,1.18221,0.8557,0.75368,0.84617,0.61552,0.84776,0.58734,1.08463,0.0164271,0.0054757,0.0164271,0.0054757,0.0164271,0.0054757,0.0164271,0.0054757
459,151819,1.07459,0.87057,1.18099,0.85625,0.75272,0.84605,0.61556,0.84767,0.58769,1.08418,0.0163974,0.0054658,0.0163974,0.0054658,0.0163974,0.0054658,0.0163974,0.0054658
460,152114,1.0752,0.8724,1.18011,0.85749,0.75217,0.84647,0.61585,0.84733,0.58729,1.08376,0.0163677,0.0054559,0.0163677,0.0054559,0.0163677,0.0054559,0.0163677,0.0054559
461,152411,1.07242,0.87295,1.18033,0.86015,0.74911,0.84677,0.61615,0.84721,0.58701,1.08352,0.016338,0.005446,0.016338,0.005446,0.016338,0.005446,0.016338,0.005446
462,152707,1.07491,0.87265,1.18175,0.85832,0.75052,0.84646,0.61591,0.84705,0.58703,1.08343,0.0163083,0.0054361,0.0163083,0.0054361,0.0163083,0.0054361,0.0163083,0.0054361
463,153003,1.07338,0.87282,1.18231,0.85862,0.75129,0.84682,0.61603,0.84666,0.58754,1.08295,0.0162786,0.0054262,0.0162786,0.0054262,0.0162786,0.0054262,0.0162786,0.0054262
464,153300,1.07342,0.87364,1.18176,0.85711,0.75129,0.84638,0.61608,0.84662,0.58776,1.08283,0.0162489,0.0054163,0.0162489,0.0054163,0.0162489,0.0054163,0.0162489,0.0054163
465,153601,1.07615,0.87422,1.1812,0.85643,0.75179,0.84639,0.61613,0.84628,0.58762,1.08259,0.0162192,0.0054064,0.0162192,0.0054064,0.0162192,0.0054064,0.0162192,0.0054064
466,153897,1.07311,0.87165,1.18052,0.8579,0.75039,0.8464,0.6163,0.84612,0.58759,1.08249,0.0161895,0.0053965,0.0161895,0.0053965,0.0161895,0.0053965,0.0161895,0.0053965
467,154191,1.07515,0.87076,1.18208,0.85756,0.75107,0.84637,0.61668,0.846,0.58718,1.08293,0.0161598,0.0053866,0.0161598,0.0053866,0.0161598,0.0053866,0.0161598,0.0053866
468,154489,1.07203,0.87081,1.18116,0.85825,0.75061,0.84645,0.61661,0.8459,0.5867,1.08301,0.0161301,0.0053767,0.0161301,0.0053767,0.0161301,0.0053767,0.0161301,0.0053767
469,154785,1.07309,0.86914,1.18108,0.85815,0.75025,0.84635,0.61667,0.84555,0.58645,1.08285,0.0161004,0.0053668,0.0161004,0.0053668,0.0161004,0.0053668,0.0161004,0.0053668
470,155086,1.07382,0.87247,1.18141,0.85639,0.75145,0.84652,0.61681,0.84519,0.58663,1.08261,0.0160707,0.0053569,0.0160707,0.0053569,0.0160707,0.0053569,0.0160707,0.0053569
471,155380,1.07307,0.87091,1.18028,0.85838,0.75007,0.84663,0.6169,0.84528,0.58629,1.08283,0.016041,0.005347,0.016041,0.005347,0.016041,0.005347,0.016041,0.005347
472,155676,1.0714,0.87,1.18015,0.85797,0.75088,0.84665,0.61695,0.84538,0.5862,1.08275,0.0160113,0.0053371,0.0160113,0.0053371,0.0160113,0.0053371,0.0160113,0.0053371
473,155972,1.07406,0.87035,1.18,0.85667,0.75181,0.84666,0.617,0.84527,0.58645,1.08247,0.0159816,0.0053272,0.0159816,0.0053272,0.0159816,0.0053272,0.0159816,0.0053272
474,156267,1.07403,0.87136,1.17964,0.85708,0.75103,0.84649,0.61685,0.84618,0.58662,1.08263,0.0159519,0.0053173,0.0159519,0.0053173,0.0159519,0.0053173,0.0159519,0.0053173
475,156562,1.07312,0.87003,1.17949,0.85967,0.74998,0.84642,0.6172,0.84647,0.58618,1.08291,0.0159222,0.0053074,0.0159222,0.0053074,0.0159222,0.0053074,0.0159222,0.0053074
476,156856,1.07278,0.86976,1.1788,0.86022,0.74979,0.84679,0.61743,0.84599,0.58614,1.08244,0.0158925,0.0052975,0.0158925,0.0052975,0.0158925,0.0052975,0.0158925,0.0052975
477,157149,1.07254,0.86958,1.17939,0.86056,0.74934,0.84694,0.61741,0.84571,0.58585,1.0821,0.0158628,0.0052876,0.0158628,0.0052876,0.0158628,0.0052876,0.0158628,0.0052876
478,157443,1.07329,0.86876,1.18017,0.85955,0.75007,0.84678,0.61719,0.84537,0.58562,1.08165,0.0158331,0.0052777,0.0158331,0.0052777,0.0158331,0.0052777,0.0158331,0.0052777
479,157737,1.07054,0.87131,1.17893,0.861,0.74898,0.84673,0.61719,0.84573,0.58534,1.08199,0.0158034,0.0052678,0.0158034,0.0052678,0.0158034,0.0052678,0.0158034,0.0052678
480,158032,1.0715,0.8697,1.17939,0.86214,0.74864,0.84695,0.61728,0.84489,0.5848,1.08165,0.0157737,0.0052579,0.0157737,0.0052579,0.0157737,0.0052579,0.0157737,0.0052579
481,158328,1.07052,0.86771,1.17968,0.86144,0.74929,0.84742,0.61749,0.84412,0.58437,1.08151,0.015744,0.005248,0.015744,0.005248,0.015744,0.005248,0.015744,0.005248
482,158626,1.06971,0.86739,1.17887,0.86065,0.74934,0.84732,0.61728,0.8443,0.58455,1.08163,0.0157143,0.0052381,0.0157143,0.0052381,0.0157143,0.0052381,0.0157143,0.0052381
483,158919,1.07074,0.86877,1.17927,0.86115,0.74875,0.84748,0.61742,0.84448,0.58466,1.08158,0.0156846,0.0052282,0.0156846,0.0052282,0.0156846,0.0052282,0.0156846,0.0052282
484,159212,1.07084,0.8692,1.1789,0.85859,0.75075,0.84742,0.61741,0.84475,0.58493,1.08154,0.0156549,0.0052183,0.0156549,0.0052183,0.0156549,0.0052183,0.0156549,0.0052183
485,159507,1.07057,0.86837,1.1786,0.85764,0.7512,0.84708,0.61726,0.84411,0.58523,1.08125,0.0156252,0.0052084,0.0156252,0.0052084,0.0156252,0.0052084,0.0156252,0.0052084
486,159800,1.07135,0.868,1.17796,0.85883,0.75061,0.84694,0.61751,0.84391,0.58506,1.0811,0.0155955,0.0051985,0.0155955,0.0051985,0.0155955,0.0051985,0.0155955,0.0051985
487,160094,1.07083,0.86743,1.17873,0.85813,0.75152,0.84732,0.61768,0.84377,0.5847,1.08088,0.0155658,0.0051886,0.0155658,0.0051886,0.0155658,0.0051886,0.0155658,0.0051886
488,160391,1.06951,0.86968,1.17981,0.85623,0.75313,0.847,0.61783,0.84367,0.5852,1.08098,0.0155361,0.0051787,0.0155361,0.0051787,0.0155361,0.0051787,0.0155361,0.0051787
489,160690,1.07022,0.86664,1.1789,0.85574,0.75351,0.84693,0.61758,0.84399,0.58562,1.08113,0.0155064,0.0051688,0.0155064,0.0051688,0.0155064,0.0051688,0.0155064,0.0051688
490,160991,1.06865,0.86598,1.17848,0.8557,0.75388,0.84693,0.61757,0.84427,0.58508,1.08134,0.0154767,0.0051589,0.0154767,0.0051589,0.0154767,0.0051589,0.0154767,0.0051589
491,161297,1.07049,0.86872,1.1803,0.85638,0.75338,0.84673,0.61767,0.84426,0.58538,1.08119,0.015447,0.005149,0.015447,0.005149,0.015447,0.005149,0.015447,0.005149
492,161593,1.06998,0.86746,1.17937,0.85388,0.75428,0.84662,0.6177,0.84445,0.58512,1.08157,0.0154173,0.0051391,0.0154173,0.0051391,0.0154173,0.0051391,0.0154173,0.0051391
493,161887,1.07112,0.86857,1.17705,0.85448,0.75338,0.84656,0.61784,0.8447,0.585,1.08155,0.0153876,0.0051292,0.0153876,0.0051292,0.0153876,0.0051292,0.0153876,0.0051292
494,162183,1.07058,0.86767,1.17986,0.85579,0.75329,0.8471,0.61766,0.84426,0.58435,1.0815,0.0153579,0.0051193,0.0153579,0.0051193,0.0153579,0.0051193,0.0153579,0.0051193
495,162476,1.0703,0.8675,1.17834,0.85387,0.75478,0.84686,0.61797,0.84451,0.5843,1.08199,0.0153282,0.0051094,0.0153282,0.0051094,0.0153282,0.0051094,0.0153282,0.0051094
496,162768,1.06917,0.86777,1.17859,0.8526,0.75641,0.84703,0.61792,0.8445,0.58448,1.08196,0.0152985,0.0050995,0.0152985,0.0050995,0.0152985,0.0050995,0.0152985,0.0050995
497,163060,1.07144,0.86652,1.17818,0.8521,0.75651,0.84737,0.61778,0.84475,0.58439,1.08219,0.0152688,0.0050896,0.0152688,0.0050896,0.0152688,0.0050896,0.0152688,0.0050896
498,163354,1.06906,0.86665,1.17823,0.85398,0.75519,0.84716,0.61786,0.84477,0.58428,1.08241,0.0152391,0.0050797,0.0152391,0.0050797,0.0152391,0.0050797,0.0152391,0.0050797
499,163651,1.06972,0.86717,1.17766,0.85539,0.75477,0.84716,0.618,0.84483,0.58358,1.08284,0.0152094,0.0050698,0.0152094,0.0050698,0.0152094,0.0050698,0.0152094,0.0050698
500,163949,1.06849,0.8647,1.17607,0.85428,0.75514,0.84703,0.61804,0.84477,0.58353,1.08281,0.0151797,0.0050599,0.0151797,0.0050599,0.0151797,0.0050599,0.0151797,0.0050599
501,164242,1.06794,0.86456,1.17719,0.85769,0.75425,0.84711,0.61813,0.84505,0.58322,1.08313,0.01515,0.00505,0.01515,0.00505,0.01515,0.00505,0.01515,0.00505
502,164538,1.06844,0.86492,1.17823,0.85766,0.75442,0.84751,0.61838,0.84477,0.58311,1.08296,0.0151203,0.0050401,0.0151203,0.0050401,0.0151203,0.0050401,0.0151203,0.0050401
503,164832,1.07011,0.86579,1.17939,0.85635,0.75483,0.84744,0.6185,0.84479,0.58356,1.08294,0.0150906,0.0050302,0.0150906,0.0050302,0.0150906,0.0050302,0.0150906,0.0050302
504,165127,1.06825,0.86533,1.17747,0.85659,0.75383,0.84724,0.61844,0.84403,0.5839,1.08193,0.0150609,0.0050203,0.0150609,0.0050203,0.0150609,0.0050203,0.0150609,0.0050203
505,165423,1.06818,0.86476,1.17782,0.85684,0.75393,0.84691,0.61875,0.84332,0.58369,1.0814,0.0150312,0.0050104,0.0150312,0.0050104,0.0150312,0.0050104,0.0150312,0.0050104
506,165720,1.06829,0.86715,1.17762,0.85802,0.75274,0.84712,0.61843,0.84337,0.58352,1.08128,0.0150015,0.0050005,0.0150015,0.0050005,0.0150015,0.0050005,0.0150015,0.0050005
507,166011,1.06904,0.86582,1.17691,0.8588,0.75123,0.84693,0.61853,0.84347,0.58326,1.08087,0.0149718,0.0049906,0.0149718,0.0049906,0.0149718,0.0049906,0.0149718,0.0049906
508,166301,1.06828,0.86521,1.17671,0.85852,0.75252,0.8473,0.61835,0.84365,0.58301,1.08125,0.0149421,0.0049807,0.0149421,0.0049807,0.0149421,0.0049807,0.0149421,0.0049807
509,166593,1.06539,0.86089,1.17595,0.8575,0.75256,0.84745,0.61841,0.84387,0.58259,1.08131,0.0149124,0.0049708,0.0149124,0.0049708,0.0149124,0.0049708,0.0149124,0.0049708
510,166886,1.06715,0.86529,1.1775,0.85534,0.75334,0.84757,0.61837,0.844,0.58261,1.08147,0.0148827,0.0049609,0.0148827,0.0049609,0.0148827,0.0049609,0.0148827,0.0049609
511,167179,1.0649,0.86058,1.17527,0.85711,0.75261,0.84751,0.61837,0.84388,0.58218,1.08138,0.014853,0.004951,0.014853,0.004951,0.014853,0.004951,0.014853,0.004951
512,167475,1.06706,0.86469,1.17543,0.85801,0.75347,0.84772,0.61833,0.84414,0.58219,1.08171,0.0148233,0.0049411,0.0148233,0.0049411,0.0148233,0.0049411,0.0148233,0.0049411
513,167768,1.06692,0.86481,1.17753,0.85624,0.75428,0.84801,0.61842,0.84455,0.58167,1.08219,0.0147936,0.0049312,0.0147936,0.0049312,0.0147936,0.0049312,0.0147936,0.0049312
514,168063,1.06522,0.86278,1.17611,0.85724,0.7542,0.84804,0.61825,0.84465,0.58173,1.08263,0.0147639,0.0049213,0.0147639,0.0049213,0.0147639,0.0049213,0.0147639,0.0049213
515,168357,1.06566,0.86346,1.17709,0.8579,0.75333,0.84784,0.61837,0.84428,0.58191,1.08252,0.0147342,0.0049114,0.0147342,0.0049114,0.0147342,0.0049114,0.0147342,0.0049114
516,168652,1.06632,0.86475,1.17675,0.85903,0.75291,0.8481,0.6188,0.8438,0.58186,1.08211,0.0147045,0.0049015,0.0147045,0.0049015,0.0147045,0.0049015,0.0147045,0.0049015
517,168948,1.06728,0.86383,1.17461,0.85497,0.75648,0.84801,0.61871,0.84323,0.58192,1.08175,0.0146748,0.0048916,0.0146748,0.0048916,0.0146748,0.0048916,0.0146748,0.0048916
518,169241,1.066,0.86227,1.17398,0.85687,0.75469,0.84782,0.61834,0.84345,0.58285,1.08137,0.0146451,0.0048817,0.0146451,0.0048817,0.0146451,0.0048817,0.0146451,0.0048817
519,169531,1.06579,0.86193,1.17408,0.85727,0.7541,0.84791,0.61868,0.84327,0.5829,1.08098,0.0146154,0.0048718,0.0146154,0.0048718,0.0146154,0.0048718,0.0146154,0.0048718
520,169824,1.06413,0.86151,1.17332,0.85481,0.75533,0.84782,0.61871,0.84331,0.58228,1.08073,0.0145857,0.0048619,0.0145857,0.0048619,0.0145857,0.0048619,0.0145857,0.0048619
521,170119,1.06503,0.86103,1.17387,0.85777,0.75338,0.84783,0.6188,0.84292,0.5816,1.08062,0.014556,0.004852,0.014556,0.004852,0.014556,0.004852,0.014556,0.004852
522,170414,1.06581,0.86235,1.17503,0.85761,0.75374,0.8475,0.61874,0.84294,0.58167,1.0807,0.0145263,0.0048421,0.0145263,0.0048421,0.0145263,0.0048421,0.0145263,0.0048421
523,170708,1.06506,0.86234,1.1742,0.85812,0.7531,0.84727,0.61904,0.84272,0.58128,1.08061,0.0144966,0.0048322,0.0144966,0.0048322,0.0144966,0.0048322,0.0144966,0.0048322
524,171003,1.06505,0.85881,1.17314,0.8602,0.75179,0.84779,0.61909,0.84268,0.58064,1.08071,0.0144669,0.0048223,0.0144669,0.0048223,0.0144669,0.0048223,0.0144669,0.0048223
525,171295,1.06738,0.86317,1.17478,0.8594,0.75351,0.84775,0.6193,0.84282,0.58043,1.08106,0.0144372,0.0048124,0.0144372,0.0048124,0.0144372,0.0048124,0.0144372,0.0048124
526,171588,1.06816,0.86198,1.17616,0.85868,0.75437,0.84787,0.61927,0.84261,0.57994,1.08109,0.0144075,0.0048025,0.0144075,0.0048025,0.0144075,0.0048025,0.0144075,0.0048025
527,171882,1.06358,0.86175,1.17446,0.85572,0.75519,0.84763,0.61928,0.84219,0.57996,1.0813,0.0143778,0.0047926,0.0143778,0.0047926,0.0143778,0.0047926,0.0143778,0.0047926
528,172176,1.06445,0.86067,1.17552,0.85653,0.75556,0.84795,0.61945,0.84193,0.57996,1.08106,0.0143481,0.0047827,0.0143481,0.0047827,0.0143481,0.0047827,0.0143481,0.0047827
529,172470,1.06574,0.8605,1.17436,0.85739,0.75592,0.84815,0.61914,0.8423,0.57997,1.08145,0.0143184,0.0047728,0.0143184,0.0047728,0.0143184,0.0047728,0.0143184,0.0047728
530,172764,1.0637,0.86192,1.17466,0.85852,0.75391,0.84845,0.61934,0.84204,0.57983,1.08111,0.0142887,0.0047629,0.0142887,0.0047629,0.0142887,0.0047629,0.0142887,0.0047629
531,173060,1.06484,0.86226,1.17645,0.85654,0.7556,0.84814,0.61941,0.8425,0.58004,1.08156,0.014259,0.004753,0.014259,0.004753,0.014259,0.004753,0.014259,0.004753
532,173355,1.06599,0.86043,1.17533,0.85888,0.75392,0.84841,0.6195,0.84225,0.58014,1.08156,0.0142293,0.0047431,0.0142293,0.0047431,0.0142293,0.0047431,0.0142293,0.0047431
533,173651,1.06321,0.85909,1.1743,0.85872,0.75401,0.84843,0.6195,0.84249,0.58044,1.08188,0.0141996,0.0047332,0.0141996,0.0047332,0.0141996,0.0047332,0.0141996,0.0047332
534,173947,1.06633,0.86157,1.17505,0.85642,0.75623,0.84825,0.61954,0.84185,0.58025,1.08113,0.0141699,0.0047233,0.0141699,0.0047233,0.0141699,0.0047233,0.0141699,0.0047233
535,174241,1.06404,0.85973,1.17416,0.85595,0.75684,0.84853,0.6197,0.84164,0.57959,1.08069,0.0141402,0.0047134,0.0141402,0.0047134,0.0141402,0.0047134,0.0141402,0.0047134
536,174536,1.06452,0.85963,1.1756,0.85513,0.75727,0.84846,0.61964,0.84134,0.57909,1.08032,0.0141105,0.0047035,0.0141105,0.0047035,0.0141105,0.0047035,0.0141105,0.0047035
537,174833,1.06445,0.86088,1.17586,0.85512,0.75711,0.84851,0.61972,0.84153,0.57865,1.0803,0.0140808,0.0046936,0.0140808,0.0046936,0.0140808,0.0046936,0.0140808,0.0046936
538,175130,1.06211,0.85943,1.17382,0.85687,0.75628,0.84893,0.6198,0.8413,0.57837,1.07977,0.0140511,0.0046837,0.0140511,0.0046837,0.0140511,0.0046837,0.0140511,0.0046837
539,175424,1.06322,0.85833,1.17373,0.85815,0.75682,0.84887,0.61999,0.8408,0.57781,1.07956,0.0140214,0.0046738,0.0140214,0.0046738,0.0140214,0.0046738,0.0140214,0.0046738
540,175719,1.06267,0.8585,1.17354,0.85912,0.7551,0.84867,0.61994,0.84036,0.57782,1.07901,0.0139917,0.0046639,0.0139917,0.0046639,0.0139917,0.0046639,0.0139917,0.0046639
541,176014,1.06149,0.85848,1.17375,0.85891,0.75605,0.84877,0.62029,0.84,0.57745,1.07876,0.013962,0.004654,0.013962,0.004654,0.013962,0.004654,0.013962,0.004654
542,176306,1.06263,0.85904,1.1731,0.86007,0.75527,0.84894,0.62022,0.84023,0.57701,1.07904,0.0139323,0.0046441,0.0139323,0.0046441,0.0139323,0.0046441,0.0139323,0.0046441
543,176599,1.06307,0.85784,1.17269,0.8604,0.75478,0.84932,0.62053,0.84025,0.57683,1.07874,0.0139026,0.0046342,0.0139026,0.0046342,0.0139026,0.0046342,0.0139026,0.0046342
544,176892,1.06174,0.85728,1.17323,0.85935,0.75491,0.84913,0.62085,0.84011,0.57702,1.07863,0.0138729,0.0046243,0.0138729,0.0046243,0.0138729,0.0046243,0.0138729,0.0046243
545,177187,1.06365,0.85831,1.17222,0.86046,0.75487,0.84937,0.62103,0.8398,0.57669,1.0782,0.0138432,0.0046144,0.0138432,0.0046144,0.0138432,0.0046144,0.0138432,0.0046144
546,177481,1.06148,0.85611,1.17176,0.86021,0.75505,0.8491,0.62081,0.83981,0.57677,1.07836,0.0138135,0.0046045,0.0138135,0.0046045,0.0138135,0.0046045,0.0138135,0.0046045
547,177776,1.06108,0.85689,1.17084,0.85959,0.75592,0.84948,0.62108,0.83925,0.57665,1.07773,0.0137838,0.0045946,0.0137838,0.0045946,0.0137838,0.0045946,0.0137838,0.0045946
548,178070,1.06185,0.85744,1.17153,0.8594,0.75496,0.84936,0.62108,0.83957,0.57653,1.07786,0.0137541,0.0045847,0.0137541,0.0045847,0.0137541,0.0045847,0.0137541,0.0045847
549,178367,1.06108,0.85698,1.17249,0.85694,0.75705,0.84921,0.62116,0.83943,0.57661,1.07765,0.0137244,0.0045748,0.0137244,0.0045748,0.0137244,0.0045748,0.0137244,0.0045748
550,178662,1.05913,0.8539,1.17261,0.85568,0.75676,0.84944,0.62127,0.83926,0.57677,1.07741,0.0136947,0.0045649,0.0136947,0.0045649,0.0136947,0.0045649,0.0136947,0.0045649
551,178959,1.06062,0.85657,1.17092,0.85698,0.75601,0.84973,0.62137,0.83931,0.57677,1.07749,0.013665,0.004555,0.013665,0.004555,0.013665,0.004555,0.013665,0.004555
552,179254,1.06286,0.85805,1.17214,0.85831,0.75533,0.84968,0.62131,0.83906,0.577,1.07738,0.0136353,0.0045451,0.0136353,0.0045451,0.0136353,0.0045451,0.0136353,0.0045451
553,179552,1.06143,0.85854,1.1712,0.85877,0.75519,0.84964,0.62149,0.83867,0.57723,1.07702,0.0136056,0.0045352,0.0136056,0.0045352,0.0136056,0.0045352,0.0136056,0.0045352
554,179847,1.06115,0.85683,1.17233,0.85769,0.75615,0.84988,0.62125,0.83903,0.57768,1.07714,0.0135759,0.0045253,0.0135759,0.0045253,0.0135759,0.0045253,0.0135759,0.0045253
555,180142,1.06215,0.85725,1.17189,0.85964,0.7551,0.85009,0.62141,0.83929,0.57746,1.07738,0.0135462,0.0045154,0.0135462,0.0045154,0.0135462,0.0045154,0.0135462,0.0045154
556,180437,1.06112,0.85765,1.17187,0.85897,0.75506,0.84969,0.62103,0.83896,0.57766,1.07701,0.0135165,0.0045055,0.0135165,0.0045055,0.0135165,0.0045055,0.0135165,0.0045055
557,180732,1.06037,0.85608,1.17287,0.85779,0.75571,0.84987,0.62122,0.83902,0.577,1.07718,0.0134868,0.0044956,0.0134868,0.0044956,0.0134868,0.0044956,0.0134868,0.0044956
558,181025,1.05802,0.85405,1.17093,0.85784,0.7563,0.84968,0.62155,0.83821,0.57659,1.0767,0.0134571,0.0044857,0.0134571,0.0044857,0.0134571,0.0044857,0.0134571,0.0044857
559,181320,1.05975,0.85556,1.17223,0.85843,0.75584,0.84979,0.62171,0.83866,0.5763,1.07688,0.0134274,0.0044758,0.0134274,0.0044758,0.0134274,0.0044758,0.0134274,0.0044758
560,181614,1.05915,0.85407,1.17073,0.85841,0.75546,0.84964,0.62172,0.83883,0.57622,1.0769,0.0133977,0.0044659,0.0133977,0.0044659,0.0133977,0.0044659,0.0133977,0.0044659
561,181908,1.06145,0.85375,1.17054,0.85783,0.75569,0.84956,0.62187,0.83854,0.57585,1.07642,0.013368,0.004456,0.013368,0.004456,0.013368,0.004456,0.013368,0.004456
562,182202,1.06046,0.85587,1.17183,0.85381,0.75786,0.84964,0.62168,0.83903,0.57569,1.07681,0.0133383,0.0044461,0.0133383,0.0044461,0.0133383,0.0044461,0.0133383,0.0044461
563,182497,1.06179,0.8544,1.17069,0.85248,0.75932,0.84997,0.62171,0.83918,0.57546,1.07676,0.0133086,0.0044362,0.0133086,0.0044362,0.0133086,0.0044362,0.0133086,0.0044362
564,182791,1.06028,0.85512,1.16878,0.85529,0.75841,0.84999,0.62167,0.83945,0.57583,1.07674,0.0132789,0.0044263,0.0132789,0.0044263,0.0132789,0.0044263,0.0132789,0.0044263
565,183085,1.0575,0.8532,1.17036,0.85624,0.75827,0.85016,0.6217,0.83974,0.57568,1.07669,0.0132492,0.0044164,0.0132492,0.0044164,0.0132492,0.0044164,0.0132492,0.0044164
566,183378,1.06048,0.85447,1.17237,0.855,0.75904,0.85034,0.62169,0.83966,0.57615,1.07639,0.0132195,0.0044065,0.0132195,0.0044065,0.0132195,0.0044065,0.0132195,0.0044065
567,183676,1.05837,0.85226,1.17156,0.85557,0.75845,0.85027,0.6218,0.83972,0.57585,1.07637,0.0131898,0.0043966,0.0131898,0.0043966,0.0131898,0.0043966,0.0131898,0.0043966
568,183972,1.05816,0.85301,1.17031,0.85637,0.75877,0.85044,0.62162,0.83949,0.57595,1.0758,0.0131601,0.0043867,0.0131601,0.0043867,0.0131601,0.0043867,0.0131601,0.0043867
569,184267,1.05956,0.85448,1.17098,0.85855,0.75769,0.85066,0.62192,0.83936,0.57582,1.07558,0.0131304,0.0043768,0.0131304,0.0043768,0.0131304,0.0043768,0.0131304,0.0043768
570,184561,1.05765,0.85303,1.16903,0.85701,0.75777,0.85051,0.62177,0.83918,0.57589,1.07538,0.0131007,0.0043669,0.0131007,0.0043669,0.0131007,0.0043669,0.0131007,0.0043669
571,184853,1.05726,0.85394,1.16988,0.85811,0.75718,0.85049,0.62176,0.83878,0.57555,1.07513,0.013071,0.004357,0.013071,0.004357,0.013071,0.004357,0.013071,0.004357
572,185146,1.05729,0.85265,1.17008,0.85908,0.75573,0.85027,0.62175,0.83916,0.57567,1.07547,0.0130413,0.0043471,0.0130413,0.0043471,0.0130413,0.0043471,0.0130413,0.0043471
573,185442,1.05911,0.85403,1.17014,0.8594,0.75582,0.85022,0.62208,0.83896,0.57545,1.07573,0.0130116,0.0043372,0.0130116,0.0043372,0.0130116,0.0043372,0.0130116,0.0043372
574,185738,1.05863,0.85199,1.1698,0.86032,0.75487,0.85025,0.6222,0.839,0.5749,1.07591,0.0129819,0.0043273,0.0129819,0.0043273,0.0129819,0.0043273,0.0129819,0.0043273
575,186035,1.05727,0.85275,1.16946,0.86016,0.75465,0.84999,0.6219,0.83924,0.57478,1.07605,0.0129522,0.0043174,0.0129522,0.0043174,0.0129522,0.0043174,0.0129522,0.0043174
576,186333,1.05932,0.85366,1.16977,0.86185,0.75418,0.85051,0.62216,0.83984,0.57452,1.07632,0.0129225,0.0043075,0.0129225,0.0043075,0.0129225,0.0043075,0.0129225,0.0043075
577,186627,1.0574,0.85323,1.17041,0.86183,0.7551,0.85038,0.62186,0.83942,0.574,1.07616,0.0128928,0.0042976,0.0128928,0.0042976,0.0128928,0.0042976,0.0128928,0.0042976
578,186922,1.05829,0.85254,1.16921,0.86194,0.75437,0.85018,0.62176,0.8396,0.57408,1.07635,0.0128631,0.0042877,0.0128631,0.0042877,0.0128631,0.0042877,0.0128631,0.0042877
579,187218,1.05738,0.85196,1.17004,0.85962,0.75582,0.85006,0.62168,0.83962,0.57434,1.07633,0.0128334,0.0042778,0.0128334,0.0042778,0.0128334,0.0042778,0.0128334,0.0042778
580,187512,1.05584,0.85311,1.16941,0.86027,0.75459,0.85012,0.62148,0.83965,0.5746,1.07633,0.0128037,0.0042679,0.0128037,0.0042679,0.0128037,0.0042679,0.0128037,0.0042679
581,187807,1.05583,0.85268,1.16974,0.86053,0.75395,0.84985,0.62149,0.83963,0.57504,1.07646,0.012774,0.004258,0.012774,0.004258,0.012774,0.004258,0.012774,0.004258
582,188103,1.05609,0.85034,1.16852,0.86046,0.75327,0.84941,0.62122,0.83979,0.57529,1.07649,0.0127443,0.0042481,0.0127443,0.0042481,0.0127443,0.0042481,0.0127443,0.0042481
583,188399,1.05879,0.8505,1.16918,0.85921,0.7546,0.84957,0.62103,0.83973,0.57541,1.07673,0.0127146,0.0042382,0.0127146,0.0042382,0.0127146,0.0042382,0.0127146,0.0042382
584,188696,1.05423,0.84937,1.16821,0.85884,0.75564,0.84997,0.62088,0.83962,0.57587,1.07659,0.0126849,0.0042283,0.0126849,0.0042283,0.0126849,0.0042283,0.0126849,0.0042283
585,188989,1.05559,0.85313,1.16905,0.85892,0.75614,0.8502,0.62112,0.83959,0.57633,1.07662,0.0126552,0.0042184,0.0126552,0.0042184,0.0126552,0.0042184,0.0126552,0.0042184
586,189282,1.055,0.8525,1.16774,0.86052,0.75433,0.84986,0.62122,0.83907,0.57627,1.07647,0.0126255,0.0042085,0.0126255,0.0042085,0.0126255,0.0042085,0.0126255,0.0042085
587,189579,1.05297,0.85022,1.16829,0.86099,0.7536,0.84986,0.62084,0.83877,0.57678,1.07636,0.0125958,0.0041986,0.0125958,0.0041986,0.0125958,0.0041986,0.0125958,0.0041986
588,189873,1.0556,0.85052,1.16877,0.86251,0.75184,0.84962,0.62101,0.83897,0.57715,1.07635,0.0125661,0.0041887,0.0125661,0.0041887,0.0125661,0.0041887,0.0125661,0.0041887
589,190166,1.05235,0.84792,1.16929,0.86086,0.75274,0.84923,0.62117,0.8385,0.57701,1.07605,0.0125364,0.0041788,0.0125364,0.0041788,0.0125364,0.0041788,0.0125364,0.0041788
590,190462,1.05529,0.8487,1.16837,0.86154,0.75193,0.84945,0.62119,0.83854,0.57708,1.07617,0.0125067,0.0041689,0.0125067,0.0041689,0.0125067,0.0041689,0.0125067,0.0041689
591,190756,1.05384,0.84907,1.16708,0.85868,0.75517,0.8498,0.6212,0.8388,0.57713,1.07639,0.012477,0.004159,0.012477,0.004159,0.012477,0.004159,0.012477,0.004159
592,191049,1.05479,0.84913,1.16708,0.86036,0.75458,0.84998,0.62133,0.83878,0.5767,1.07665,0.0124473,0.0041491,0.0124473,0.0041491,0.0124473,0.0041491,0.0124473,0.0041491
593,191343,1.05636,0.84837,1.16787,0.86032,0.75408,0.8497,0.62127,0.83865,0.57597,1.0763,0.0124176,0.0041392,0.0124176,0.0041392,0.0124176,0.0041392,0.0124176,0.0041392
594,191638,1.05457,0.85033,1.16792,0.85923,0.75472,0.84966,0.62115,0.83913,0.57615,1.07616,0.0123879,0.0041293,0.0123879,0.0041293,0.0123879,0.0041293,0.0123879,0.0041293
595,191936,1.05269,0.84862,1.1663,0.86016,0.75519,0.84997,0.62107,0.83937,0.5763,1.07634,0.0123582,0.0041194,0.0123582,0.0041194,0.0123582,0.0041194,0.0123582,0.0041194
596,192232,1.05598,0.84737,1.16824,0.86033,0.75451,0.84983,0.62112,0.83983,0.57608,1.0768,0.0123285,0.0041095,0.0123285,0.0041095,0.0123285,0.0041095,0.0123285,0.0041095
597,192527,1.05477,0.84784,1.16705,0.85844,0.75578,0.84982,0.62128,0.83937,0.5753,1.07657,0.0122988,0.0040996,0.0122988,0.0040996,0.0122988,0.0040996,0.0122988,0.0040996
598,192825,1.05295,0.84614,1.16661,0.86077,0.75533,0.84965,0.62123,0.83939,0.57527,1.07657,0.0122691,0.0040897,0.0122691,0.0040897,0.0122691,0.0040897,0.0122691,0.0040897
599,193122,1.05238,0.84788,1.16667,0.85937,0.75628,0.84974,0.62124,0.8398,0.57539,1.07709,0.0122394,0.0040798,0.0122394,0.0040798,0.0122394,0.0040798,0.0122394,0.0040798
600,193417,1.05358,0.84646,1.1681,0.86286,0.75406,0.84981,0.62116,0.83949,0.57521,1.07705,0.0122097,0.0040699,0.0122097,0.0040699,0.0122097,0.0040699,0.0122097,0.0040699
601,193711,1.05459,0.85006,1.16726,0.86083,0.75569,0.8498,0.62133,0.83949,0.57505,1.07682,0.01218,0.00406,0.01218,0.00406,0.01218,0.00406,0.01218,0.00406
602,194008,1.0532,0.84702,1.16661,0.86218,0.75483,0.84977,0.62156,0.83918,0.57445,1.07663,0.0121503,0.0040501,0.0121503,0.0040501,0.0121503,0.0040501,0.0121503,0.0040501
603,194301,1.05311,0.84862,1.16768,0.85964,0.75655,0.84965,0.62161,0.83903,0.57431,1.07676,0.0121206,0.0040402,0.0121206,0.0040402,0.0121206,0.0040402,0.0121206,0.0040402
604,194593,1.05123,0.84512,1.16697,0.85986,0.75655,0.8499,0.62161,0.83897,0.57449,1.07674,0.0120909,0.0040303,0.0120909,0.0040303,0.0120909,0.0040303,0.0120909,0.0040303
605,194888,1.05012,0.84212,1.16613,0.8568,0.7599,0.85011,0.62173,0.83871,0.57423,1.07642,0.0120612,0.0040204,0.0120612,0.0040204,0.0120612,0.0040204,0.0120612,0.0040204
606,195182,1.05228,0.8456,1.16582,0.85951,0.75628,0.85013,0.62174,0.83868,0.57415,1.07656,0.0120315,0.0040105,0.0120315,0.0040105,0.0120315,0.0040105,0.0120315,0.0040105
607,195475,1.05097,0.84506,1.16504,0.85902,0.75784,0.8503,0.62212,0.83869,0.57398,1.07662,0.0120018,0.0040006,0.0120018,0.0040006,0.0120018,0.0040006,0.0120018,0.0040006
608,195769,1.05273,0.84679,1.16543,0.85915,0.75764,0.85052,0.62208,0.83813,0.57387,1.07586,0.0119721,0.0039907,0.0119721,0.0039907,0.0119721,0.0039907,0.0119721,0.0039907
609,196063,1.05136,0.84389,1.16504,0.85849,0.75886,0.85037,0.62226,0.83747,0.57338,1.07568,0.0119424,0.0039808,0.0119424,0.0039808,0.0119424,0.0039808,0.0119424,0.0039808
610,196358,1.05243,0.84589,1.16607,0.85768,0.7599,0.85032,0.62237,0.83746,0.57276,1.07583,0.0119127,0.0039709,0.0119127,0.0039709,0.0119127,0.0039709,0.0119127,0.0039709
611,196654,1.05225,0.84546,1.16605,0.85625,0.76026,0.85044,0.62224,0.83707,0.57261,1.07556,0.011883,0.003961,0.011883,0.003961,0.011883,0.003961,0.011883,0.003961
612,196949,1.05232,0.84559,1.16659,0.85716,0.7585,0.85054,0.62251,0.83724,0.57261,1.07551,0.0118533,0.0039511,0.0118533,0.0039511,0.0118533,0.0039511,0.0118533,0.0039511
613,197244,1.04963,0.84406,1.16298,0.8561,0.76072,0.85067,0.62241,0.83701,0.57234,1.07521,0.0118236,0.0039412,0.0118236,0.0039412,0.0118236,0.0039412,0.0118236,0.0039412
614,197537,1.05068,0.84457,1.16437,0.85691,0.76022,0.85048,0.6228,0.83668,0.5723,1.07511,0.0117939,0.0039313,0.0117939,0.0039313,0.0117939,0.0039313,0.0117939,0.0039313
615,197831,1.04935,0.84339,1.1638,0.85665,0.76031,0.85044,0.62301,0.83602,0.57238,1.07493,0.0117642,0.0039214,0.0117642,0.0039214,0.0117642,0.0039214,0.0117642,0.0039214
616,198124,1.05152,0.8454,1.16606,0.85603,0.76026,0.85039,0.62288,0.8354,0.57233,1.07443,0.0117345,0.0039115,0.0117345,0.0039115,0.0117345,0.0039115,0.0117345,0.0039115
617,198418,1.0507,0.84433,1.16464,0.85535,0.76099,0.85056,0.62299,0.83559,0.57191,1.07449,0.0117048,0.0039016,0.0117048,0.0039016,0.0117048,0.0039016,0.0117048,0.0039016
618,198715,1.04966,0.84229,1.16363,0.85667,0.76018,0.8509,0.62333,0.83534,0.57161,1.07408,0.0116751,0.0038917,0.0116751,0.0038917,0.0116751,0.0038917,0.0116751,0.0038917
619,199013,1.04878,0.8442,1.16442,0.85609,0.76203,0.85109,0.62315,0.83532,0.57211,1.07431,0.0116454,0.0038818,0.0116454,0.0038818,0.0116454,0.0038818,0.0116454,0.0038818
620,199310,1.04892,0.84482,1.16505,0.85861,0.75889,0.85095,0.62326,0.83576,0.57198,1.07474,0.0116157,0.0038719,0.0116157,0.0038719,0.0116157,0.0038719,0.0116157,0.0038719
621,199608,1.04839,0.84238,1.16254,0.85775,0.75977,0.85096,0.62312,0.83612,0.57207,1.07485,0.011586,0.003862,0.011586,0.003862,0.011586,0.003862,0.011586,0.003862
622,199898,1.0487,0.83886,1.16431,0.85904,0.75954,0.85104,0.62336,0.83609,0.5722,1.0746,0.0115563,0.0038521,0.0115563,0.0038521,0.0115563,0.0038521,0.0115563,0.0038521
623,200196,1.04841,0.84206,1.16295,0.86134,0.75856,0.85124,0.62304,0.83529,0.57258,1.07398,0.0115266,0.0038422,0.0115266,0.0038422,0.0115266,0.0038422,0.0115266,0.0038422
624,200493,1.04978,0.84301,1.16332,0.86014,0.7588,0.85058,0.62298,0.83511,0.57281,1.0738,0.0114969,0.0038323,0.0114969,0.0038323,0.0114969,0.0038323,0.0114969,0.0038323
625,200788,1.04751,0.84115,1.16317,0.85877,0.75868,0.85094,0.62307,0.83492,0.57262,1.07348,0.0114672,0.0038224,0.0114672,0.0038224,0.0114672,0.0038224,0.0114672,0.0038224
626,201084,1.04725,0.84174,1.16385,0.85964,0.75886,0.85107,0.62317,0.83507,0.57201,1.07337,0.0114375,0.0038125,0.0114375,0.0038125,0.0114375,0.0038125,0.0114375,0.0038125
627,201377,1.04925,0.84319,1.16341,0.8599,0.75913,0.85126,0.62302,0.8354,0.5717,1.07333,0.0114078,0.0038026,0.0114078,0.0038026,0.0114078,0.0038026,0.0114078,0.0038026
628,201671,1.04936,0.84243,1.16299,0.85873,0.76072,0.85141,0.62305,0.83573,0.57194,1.07332,0.0113781,0.0037927,0.0113781,0.0037927,0.0113781,0.0037927,0.0113781,0.0037927
629,201966,1.04777,0.84174,1.16384,0.85832,0.76036,0.85144,0.62298,0.83645,0.57142,1.0738,0.0113484,0.0037828,0.0113484,0.0037828,0.0113484,0.0037828,0.0113484,0.0037828
630,202258,1.04721,0.84,1.16272,0.85858,0.7595,0.85133,0.62298,0.83716,0.5714,1.07411,0.0113187,0.0037729,0.0113187,0.0037729,0.0113187,0.0037729,0.0113187,0.0037729
631,202552,1.04533,0.83971,1.1629,0.85882,0.76018,0.85095,0.62307,0.83695,0.57157,1.07418,0.011289,0.003763,0.011289,0.003763,0.011289,0.003763,0.011289,0.003763
632,202845,1.04823,0.83957,1.16354,0.85861,0.75939,0.85114,0.62318,0.83703,0.57135,1.07447,0.0112593,0.0037531,0.0112593,0.0037531,0.0112593,0.0037531,0.0112593,0.0037531
633,203140,1.04779,0.84222,1.16317,0.85888,0.76031,0.85133,0.62307,0.83684,0.57103,1.07441,0.0112296,0.0037432,0.0112296,0.0037432,0.0112296,0.0037432,0.0112296,0.0037432
634,203433,1.04767,0.84057,1.16289,0.85861,0.76027,0.85143,0.62298,0.83612,0.57094,1.0739,0.0111999,0.0037333,0.0111999,0.0037333,0.0111999,0.0037333,0.0111999,0.0037333
635,203726,1.046,0.8409,1.16232,0.86009,0.7595,0.85142,0.62307,0.8365,0.57065,1.0744,0.0111702,0.0037234,0.0111702,0.0037234,0.0111702,0.0037234,0.0111702,0.0037234
636,204019,1.04654,0.83946,1.16284,0.85692,0.76122,0.85137,0.62302,0.83713,0.56999,1.07539,0.0111405,0.0037135,0.0111405,0.0037135,0.0111405,0.0037135,0.0111405,0.0037135
637,204310,1.04582,0.83801,1.16174,0.85956,0.75848,0.85123,0.62333,0.83708,0.56984,1.07546,0.0111108,0.0037036,0.0111108,0.0037036,0.0111108,0.0037036,0.0111108,0.0037036
638,204603,1.04717,0.83905,1.16286,0.85885,0.7595,0.8514,0.62362,0.83686,0.57034,1.07533,0.0110811,0.0036937,0.0110811,0.0036937,0.0110811,0.0036937,0.0110811,0.0036937
639,204898,1.04692,0.83896,1.16217,0.85798,0.75986,0.85169,0.62372,0.83662,0.57026,1.07519,0.0110514,0.0036838,0.0110514,0.0036838,0.0110514,0.0036838,0.0110514,0.0036838
640,205188,1.046,0.83928,1.16207,0.85511,0.76001,0.85132,0.6235,0.83706,0.5704,1.07548,0.0110217,0.0036739,0.0110217,0.0036739,0.0110217,0.0036739,0.0110217,0.0036739
641,205480,1.04369,0.83725,1.16022,0.8572,0.75913,0.85176,0.62334,0.83797,0.57059,1.07576,0.010992,0.003664,0.010992,0.003664,0.010992,0.003664,0.010992,0.003664
642,205772,1.04547,0.83852,1.16113,0.85707,0.75999,0.85148,0.62316,0.83834,0.57063,1.07601,0.0109623,0.0036541,0.0109623,0.0036541,0.0109623,0.0036541,0.0109623,0.0036541
643,206065,1.04487,0.83699,1.1628,0.85734,0.76013,0.85147,0.62311,0.83827,0.5704,1.0759,0.0109326,0.0036442,0.0109326,0.0036442,0.0109326,0.0036442,0.0109326,0.0036442
644,206357,1.0459,0.83915,1.16098,0.85637,0.76077,0.85157,0.62319,0.83736,0.57041,1.07523,0.0109029,0.0036343,0.0109029,0.0036343,0.0109029,0.0036343,0.0109029,0.0036343
645,206648,1.04362,0.8405,1.16279,0.85777,0.76022,0.85133,0.62319,0.83743,0.57083,1.07561,0.0108732,0.0036244,0.0108732,0.0036244,0.0108732,0.0036244,0.0108732,0.0036244
646,206939,1.04505,0.8382,1.16248,0.8586,0.75877,0.85151,0.62334,0.83693,0.57069,1.07517,0.0108435,0.0036145,0.0108435,0.0036145,0.0108435,0.0036145,0.0108435,0.0036145
647,207231,1.04749,0.84021,1.16315,0.85831,0.75977,0.8512,0.62307,0.83663,0.57067,1.07523,0.0108138,0.0036046,0.0108138,0.0036046,0.0108138,0.0036046,0.0108138,0.0036046
648,207526,1.04473,0.83776,1.1615,0.85665,0.7604,0.85118,0.62348,0.83603,0.57116,1.07437,0.0107841,0.0035947,0.0107841,0.0035947,0.0107841,0.0035947,0.0107841,0.0035947
649,207817,1.04487,0.83605,1.15965,0.85755,0.75963,0.8512,0.6232,0.83617,0.5711,1.07434,0.0107544,0.0035848,0.0107544,0.0035848,0.0107544,0.0035848,0.0107544,0.0035848
650,208108,1.04395,0.837,1.1584,0.85945,0.75831,0.85131,0.6234,0.8355,0.57034,1.07407,0.0107247,0.0035749,0.0107247,0.0035749,0.0107247,0.0035749,0.0107247,0.0035749
651,208400,1.0467,0.83879,1.16061,0.85984,0.75968,0.85176,0.62363,0.83505,0.56993,1.07371,0.010695,0.003565,0.010695,0.003565,0.010695,0.003565,0.010695,0.003565
652,208691,1.04277,0.83571,1.15842,0.85972,0.7595,0.85162,0.624,0.83492,0.56927,1.07375,0.0106653,0.0035551,0.0106653,0.0035551,0.0106653,0.0035551,0.0106653,0.0035551
653,208984,1.04281,0.83572,1.15914,0.85846,0.75959,0.85125,0.62412,0.83408,0.56967,1.0726,0.0106356,0.0035452,0.0106356,0.0035452,0.0106356,0.0035452,0.0106356,0.0035452
654,209277,1.04411,0.83532,1.15894,0.86149,0.75714,0.85134,0.62416,0.83354,0.56935,1.07211,0.0106059,0.0035353,0.0106059,0.0035353,0.0106059,0.0035353,0.0106059,0.0035353
655,209572,1.04398,0.83595,1.1623,0.86228,0.75669,0.85168,0.6242,0.83388,0.56866,1.07231,0.0105762,0.0035254,0.0105762,0.0035254,0.0105762,0.0035254,0.0105762,0.0035254
656,209866,1.04391,0.83752,1.15962,0.86133,0.75789,0.85157,0.62443,0.83345,0.56833,1.07169,0.0105465,0.0035155,0.0105465,0.0035155,0.0105465,0.0035155,0.0105465,0.0035155
657,210159,1.04257,0.83479,1.16043,0.8613,0.75818,0.85155,0.62451,0.83315,0.56781,1.07149,0.0105168,0.0035056,0.0105168,0.0035056,0.0105168,0.0035056,0.0105168,0.0035056
658,210453,1.04418,0.8351,1.16045,0.86002,0.75963,0.85183,0.62495,0.8329,0.56746,1.07131,0.0104871,0.0034957,0.0104871,0.0034957,0.0104871,0.0034957,0.0104871,0.0034957
659,210747,1.04382,0.83637,1.1616,0.86008,0.75926,0.85197,0.62485,0.83284,0.56739,1.07124,0.0104574,0.0034858,0.0104574,0.0034858,0.0104574,0.0034858,0.0104574,0.0034858
660,211040,1.04259,0.83426,1.16011,0.85962,0.75968,0.85167,0.62471,0.83284,0.56759,1.0712,0.0104277,0.0034759,0.0104277,0.0034759,0.0104277,0.0034759,0.0104277,0.0034759
661,211332,1.04095,0.8305,1.15932,0.85924,0.75977,0.85209,0.62459,0.83311,0.56772,1.07143,0.010398,0.003466,0.010398,0.003466,0.010398,0.003466,0.010398,0.003466
662,211624,1.04277,0.83502,1.15917,0.8611,0.75816,0.85221,0.6248,0.83315,0.56764,1.07162,0.0103683,0.0034561,0.0103683,0.0034561,0.0103683,0.0034561,0.0103683,0.0034561
663,211916,1.04352,0.83344,1.15997,0.86158,0.75811,0.85217,0.62494,0.83256,0.56777,1.07144,0.0103386,0.0034462,0.0103386,0.0034462,0.0103386,0.0034462,0.0103386,0.0034462
664,212207,1.04214,0.83282,1.15805,0.86199,0.75773,0.85212,0.62508,0.83206,0.56791,1.07123,0.0103089,0.0034363,0.0103089,0.0034363,0.0103089,0.0034363,0.0103089,0.0034363
665,212499,1.04257,0.83339,1.15872,0.8615,0.75805,0.85207,0.62525,0.83162,0.56792,1.07097,0.0102792,0.0034264,0.0102792,0.0034264,0.0102792,0.0034264,0.0102792,0.0034264
666,212791,1.0408,0.83351,1.15954,0.86437,0.75578,0.85231,0.62514,0.83157,0.56734,1.07087,0.0102495,0.0034165,0.0102495,0.0034165,0.0102495,0.0034165,0.0102495,0.0034165
667,213085,1.03994,0.83191,1.15832,0.86102,0.75814,0.85208,0.62541,0.83169,0.56705,1.07083,0.0102198,0.0034066,0.0102198,0.0034066,0.0102198,0.0034066,0.0102198,0.0034066
668,213380,1.03942,0.83076,1.15841,0.86319,0.75741,0.85243,0.62536,0.83177,0.56693,1.07093,0.0101901,0.0033967,0.0101901,0.0033967,0.0101901,0.0033967,0.0101901,0.0033967
669,213675,1.04036,0.83132,1.1588,0.86074,0.75886,0.85239,0.62534,0.83251,0.56727,1.07116,0.0101604,0.0033868,0.0101604,0.0033868,0.0101604,0.0033868,0.0101604,0.0033868
670,213970,1.03988,0.83252,1.15861,0.86335,0.75759,0.85223,0.62515,0.83213,0.56736,1.07097,0.0101307,0.0033769,0.0101307,0.0033769,0.0101307,0.0033769,0.0101307,0.0033769
671,214263,1.04185,0.83127,1.15803,0.86211,0.75893,0.85201,0.62508,0.83223,0.56728,1.07103,0.010101,0.003367,0.010101,0.003367,0.010101,0.003367,0.010101,0.003367
672,214556,1.03827,0.83001,1.15778,0.8617,0.75963,0.85234,0.62524,0.83199,0.56686,1.07117,0.0100713,0.0033571,0.0100713,0.0033571,0.0100713,0.0033571,0.0100713,0.0033571
673,214849,1.03854,0.82907,1.15794,0.86166,0.75916,0.85263,0.62506,0.83186,0.56677,1.07103,0.0100416,0.0033472,0.0100416,0.0033472,0.0100416,0.0033472,0.0100416,0.0033472
674,215142,1.0411,0.83497,1.15827,0.86341,0.75759,0.85244,0.62508,0.83153,0.56639,1.07105,0.0100119,0.0033373,0.0100119,0.0033373,0.0100119,0.0033373,0.0100119,0.0033373
675,215435,1.03811,0.82974,1.15736,0.86267,0.75879,0.85267,0.62512,0.83081,0.56634,1.07074,0.0099822,0.0033274,0.0099822,0.0033274,0.0099822,0.0033274,0.0099822,0.0033274
676,215730,1.03864,0.83166,1.15816,0.86264,0.75887,0.85262,0.62519,0.83045,0.56636,1.07097,0.0099525,0.0033175,0.0099525,0.0033175,0.0099525,0.0033175,0.0099525,0.0033175
677,216024,1.0384,0.83078,1.15693,0.8634,0.75864,0.85245,0.62524,0.82995,0.56686,1.07043,0.0099228,0.0033076,0.0099228,0.0033076,0.0099228,0.0033076,0.0099228,0.0033076
678,216316,1.03879,0.83123,1.15891,0.86262,0.7596,0.85275,0.62548,0.83026,0.56651,1.07083,0.0098931,0.0032977,0.0098931,0.0032977,0.0098931,0.0032977,0.0098931,0.0032977
679,216609,1.03719,0.82921,1.15695,0.86184,0.76028,0.8529,0.62546,0.83062,0.56613,1.07102,0.0098634,0.0032878,0.0098634,0.0032878,0.0098634,0.0032878,0.0098634,0.0032878
680,216899,1.03911,0.83055,1.15693,0.86236,0.75964,0.85303,0.6256,0.83122,0.56608,1.07127,0.0098337,0.0032779,0.0098337,0.0032779,0.0098337,0.0032779,0.0098337,0.0032779
681,217191,1.03793,0.82913,1.15646,0.85989,0.76138,0.85337,0.62575,0.83115,0.5665,1.07133,0.009804,0.003268,0.009804,0.003268,0.009804,0.003268,0.009804,0.003268
682,217483,1.03697,0.82993,1.15745,0.856,0.76362,0.85285,0.62547,0.83108,0.5665,1.07142,0.0097743,0.0032581,0.0097743,0.0032581,0.0097743,0.0032581,0.0097743,0.0032581
683,217775,1.03769,0.82951,1.15807,0.85515,0.76427,0.85274,0.62598,0.83137,0.56645,1.0716,0.0097446,0.0032482,0.0097446,0.0032482,0.0097446,0.0032482,0.0097446,0.0032482
684,218067,1.03796,0.8291,1.15671,0.85552,0.76359,0.85278,0.62603,0.83116,0.56615,1.0717,0.0097149,0.0032383,0.0097149,0.0032383,0.0097149,0.0032383,0.0097149,0.0032383
685,218359,1.03733,0.83037,1.15585,0.85939,0.7607,0.85285,0.62599,0.83101,0.56627,1.07124,0.0096852,0.0032284,0.0096852,0.0032284,0.0096852,0.0032284,0.0096852,0.0032284
686,218648,1.03672,0.82929,1.15693,0.86321,0.75859,0.85298,0.62589,0.83066,0.56615,1.07109,0.0096555,0.0032185,0.0096555,0.0032185,0.0096555,0.0032185,0.0096555,0.0032185
687,218937,1.03747,0.8291,1.15517,0.86259,0.7595,0.85313,0.62635,0.83032,0.56617,1.07071,0.0096258,0.0032086,0.0096258,0.0032086,0.0096258,0.0032086,0.0096258,0.0032086
688,219228,1.0352,0.82704,1.15565,0.86578,0.75691,0.85366,0.62652,0.83024,0.56604,1.07061,0.0095961,0.0031987,0.0095961,0.0031987,0.0095961,0.0031987,0.0095961,0.0031987
689,219520,1.03666,0.82698,1.15486,0.8658,0.757,0.85377,0.62668,0.82936,0.56587,1.06978,0.0095664,0.0031888,0.0095664,0.0031888,0.0095664,0.0031888,0.0095664,0.0031888
690,219814,1.03486,0.82709,1.15516,0.86374,0.75854,0.85406,0.62675,0.82974,0.56592,1.07008,0.0095367,0.0031789,0.0095367,0.0031789,0.0095367,0.0031789,0.0095367,0.0031789
691,220109,1.035,0.82701,1.15555,0.86506,0.75722,0.85379,0.62659,0.8291,0.56559,1.06973,0.009507,0.003169,0.009507,0.003169,0.009507,0.003169,0.009507,0.003169
692,220407,1.0365,0.82825,1.15528,0.86146,0.75995,0.85417,0.62668,0.82903,0.56513,1.06947,0.0094773,0.0031591,0.0094773,0.0031591,0.0094773,0.0031591,0.0094773,0.0031591
693,220701,1.03558,0.82803,1.15732,0.86167,0.76018,0.85413,0.62682,0.82862,0.56446,1.06941,0.0094476,0.0031492,0.0094476,0.0031492,0.0094476,0.0031492,0.0094476,0.0031492
694,220994,1.03564,0.82851,1.15597,0.86024,0.76099,0.85429,0.62663,0.82847,0.56437,1.0691,0.0094179,0.0031393,0.0094179,0.0031393,0.0094179,0.0031393,0.0094179,0.0031393
695,221285,1.03537,0.82588,1.1571,0.86079,0.76077,0.85404,0.62649,0.82874,0.5645,1.06942,0.0093882,0.0031294,0.0093882,0.0031294,0.0093882,0.0031294,0.0093882,0.0031294
696,221580,1.03471,0.82554,1.15503,0.86027,0.75972,0.85406,0.6266,0.82924,0.56399,1.06955,0.0093585,0.0031195,0.0093585,0.0031195,0.0093585,0.0031195,0.0093585,0.0031195
697,221873,1.03224,0.82605,1.15208,0.85946,0.76061,0.85381,0.62641,0.82944,0.56421,1.06927,0.0093288,0.0031096,0.0093288,0.0031096,0.0093288,0.0031096,0.0093288,0.0031096
698,222164,1.03392,0.82357,1.15557,0.85977,0.76108,0.85397,0.62659,0.82978,0.56388,1.06974,0.0092991,0.0030997,0.0092991,0.0030997,0.0092991,0.0030997,0.0092991,0.0030997
699,222457,1.03304,0.82618,1.15496,0.86178,0.7609,0.85407,0.6268,0.82972,0.56348,1.0698,0.0092694,0.0030898,0.0092694,0.0030898,0.0092694,0.0030898,0.0092694,0.0030898
700,222757,1.03416,0.82633,1.15552,0.85999,0.76194,0.85386,0.62686,0.82964,0.56284,1.06981,0.0092397,0.0030799,0.0092397,0.0030799,0.0092397,0.0030799,0.0092397,0.0030799
701,223054,1.03417,0.82522,1.15461,0.86369,0.75909,0.85385,0.62679,0.82972,0.56261,1.06955,0.00921,0.00307,0.00921,0.00307,0.00921,0.00307,0.00921,0.00307
702,223349,1.03333,0.82301,1.15251,0.86384,0.75895,0.85415,0.62717,0.82975,0.5623,1.06928,0.0091803,0.0030601,0.0091803,0.0030601,0.0091803,0.0030601,0.0091803,0.0030601
703,223647,1.03532,0.82571,1.15601,0.86354,0.75814,0.85365,0.62738,0.83001,0.56205,1.06925,0.0091506,0.0030502,0.0091506,0.0030502,0.0091506,0.0030502,0.0091506,0.0030502
704,223943,1.0342,0.82469,1.15344,0.86393,0.75777,0.85349,0.62708,0.83018,0.56192,1.06903,0.0091209,0.0030403,0.0091209,0.0030403,0.0091209,0.0030403,0.0091209,0.0030403
705,224241,1.03374,0.82358,1.15308,0.86429,0.75832,0.85364,0.62721,0.83017,0.56169,1.06925,0.0090912,0.0030304,0.0090912,0.0030304,0.0090912,0.0030304,0.0090912,0.0030304
706,224534,1.03304,0.82318,1.15244,0.86362,0.75864,0.85372,0.6276,0.82993,0.56195,1.06897,0.0090615,0.0030205,0.0090615,0.0030205,0.0090615,0.0030205,0.0090615,0.0030205
707,224833,1.03245,0.82478,1.15308,0.86332,0.75841,0.85403,0.6273,0.83061,0.56164,1.06925,0.0090318,0.0030106,0.0090318,0.0030106,0.0090318,0.0030106,0.0090318,0.0030106
708,225125,1.03277,0.82337,1.15417,0.86366,0.75891,0.85412,0.62727,0.8311,0.56161,1.06976,0.0090021,0.0030007,0.0090021,0.0030007,0.0090021,0.0030007,0.0090021,0.0030007
709,225417,1.03164,0.82454,1.15408,0.86364,0.75959,0.85391,0.62727,0.8312,0.56212,1.06932,0.0089724,0.0029908,0.0089724,0.0029908,0.0089724,0.0029908,0.0089724,0.0029908
710,225712,1.03248,0.82331,1.15424,0.8631,0.75954,0.85365,0.62715,0.83128,0.56221,1.06954,0.0089427,0.0029809,0.0089427,0.0029809,0.0089427,0.0029809,0.0089427,0.0029809
711,226005,1.03047,0.82076,1.15094,0.86427,0.75963,0.85392,0.62729,0.83171,0.56221,1.06986,0.008913,0.002971,0.008913,0.002971,0.008913,0.002971,0.008913,0.002971
712,226299,1.03278,0.82359,1.15375,0.86352,0.76,0.85394,0.62705,0.83154,0.56244,1.06946,0.0088833,0.0029611,0.0088833,0.0029611,0.0088833,0.0029611,0.0088833,0.0029611
713,226593,1.02961,0.82093,1.15207,0.86248,0.76046,0.85382,0.6269,0.83193,0.56248,1.06953,0.0088536,0.0029512,0.0088536,0.0029512,0.0088536,0.0029512,0.0088536,0.0029512
714,226887,1.03089,0.82064,1.15177,0.862,0.76133,0.85404,0.627,0.83219,0.56283,1.0694,0.0088239,0.0029413,0.0088239,0.0029413,0.0088239,0.0029413,0.0088239,0.0029413
715,227181,1.03063,0.82069,1.15252,0.86303,0.76027,0.85424,0.62709,0.83229,0.56261,1.06959,0.0087942,0.0029314,0.0087942,0.0029314,0.0087942,0.0029314,0.0087942,0.0029314
716,227481,1.0333,0.82344,1.15315,0.86299,0.76031,0.85454,0.62727,0.83151,0.56253,1.06894,0.0087645,0.0029215,0.0087645,0.0029215,0.0087645,0.0029215,0.0087645,0.0029215
717,227776,1.03073,0.82154,1.15188,0.86379,0.75886,0.85443,0.62726,0.83157,0.56195,1.06879,0.0087348,0.0029116,0.0087348,0.0029116,0.0087348,0.0029116,0.0087348,0.0029116
718,228071,1.03184,0.8229,1.15276,0.86361,0.75968,0.85424,0.6277,0.83158,0.56204,1.06876,0.0087051,0.0029017,0.0087051,0.0029017,0.0087051,0.0029017,0.0087051,0.0029017
719,228366,1.0318,0.82131,1.15342,0.86332,0.75927,0.85415,0.62774,0.83127,0.56214,1.06879,0.0086754,0.0028918,0.0086754,0.0028918,0.0086754,0.0028918,0.0086754,0.0028918
720,228659,1.03248,0.82196,1.15258,0.86252,0.76068,0.85475,0.62794,0.83085,0.56233,1.06842,0.0086457,0.0028819,0.0086457,0.0028819,0.0086457,0.0028819,0.0086457,0.0028819
721,228953,1.03015,0.8221,1.15241,0.86399,0.76013,0.85461,0.62811,0.83068,0.56245,1.06833,0.008616,0.002872,0.008616,0.002872,0.008616,0.002872,0.008616,0.002872
722,229247,1.02996,0.8209,1.15137,0.86275,0.76018,0.85443,0.62783,0.8307,0.56235,1.06825,0.0085863,0.0028621,0.0085863,0.0028621,0.0085863,0.0028621,0.0085863,0.0028621
723,229542,1.03026,0.82011,1.15237,0.86325,0.7599,0.85456,0.6278,0.83036,0.56215,1.06801,0.0085566,0.0028522,0.0085566,0.0028522,0.0085566,0.0028522,0.0085566,0.0028522
724,229838,1.02973,0.82033,1.15134,0.86407,0.76004,0.85452,0.62785,0.83008,0.56171,1.06789,0.0085269,0.0028423,0.0085269,0.0028423,0.0085269,0.0028423,0.0085269,0.0028423
725,230136,1.02994,0.81986,1.15056,0.86383,0.76085,0.8548,0.62795,0.83011,0.56155,1.06779,0.0084972,0.0028324,0.0084972,0.0028324,0.0084972,0.0028324,0.0084972,0.0028324
726,230428,1.02882,0.81802,1.14966,0.86104,0.76223,0.85479,0.62782,0.83036,0.56152,1.06772,0.0084675,0.0028225,0.0084675,0.0028225,0.0084675,0.0028225,0.0084675,0.0028225
727,230721,1.02931,0.81833,1.15144,0.86091,0.76231,0.85496,0.62801,0.83002,0.56117,1.06765,0.0084378,0.0028126,0.0084378,0.0028126,0.0084378,0.0028126,0.0084378,0.0028126
728,231016,1.02705,0.81689,1.15058,0.86251,0.76145,0.85485,0.62788,0.83005,0.56099,1.06761,0.0084081,0.0028027,0.0084081,0.0028027,0.0084081,0.0028027,0.0084081,0.0028027
729,231313,1.02722,0.81779,1.15105,0.86165,0.76167,0.85481,0.62808,0.82916,0.56093,1.06704,0.0083784,0.0027928,0.0083784,0.0027928,0.0083784,0.0027928,0.0083784,0.0027928
730,231608,1.02875,0.81855,1.15165,0.8625,0.7614,0.855,0.62866,0.82898,0.56063,1.06732,0.0083487,0.0027829,0.0083487,0.0027829,0.0083487,0.0027829,0.0083487,0.0027829
731,231905,1.02703,0.81645,1.15076,0.86312,0.76167,0.85503,0.6287,0.82862,0.55975,1.06691,0.008319,0.002773,0.008319,0.002773,0.008319,0.002773,0.008319,0.002773
732,232205,1.02789,0.8168,1.14963,0.86213,0.76131,0.8548,0.62872,0.82831,0.55998,1.0666,0.0082893,0.0027631,0.0082893,0.0027631,0.0082893,0.0027631,0.0082893,0.0027631
733,232504,1.02731,0.81508,1.14908,0.86408,0.75984,0.85469,0.62876,0.82823,0.55967,1.06655,0.0082596,0.0027532,0.0082596,0.0027532,0.0082596,0.0027532,0.0082596,0.0027532
734,232800,1.02604,0.81436,1.14934,0.86459,0.759,0.85452,0.62857,0.82839,0.55937,1.06697,0.0082299,0.0027433,0.0082299,0.0027433,0.0082299,0.0027433,0.0082299,0.0027433
735,233095,1.02629,0.81522,1.1483,0.86373,0.75986,0.85459,0.62877,0.82843,0.55913,1.06703,0.0082002,0.0027334,0.0082002,0.0027334,0.0082002,0.0027334,0.0082002,0.0027334
736,233391,1.02469,0.81704,1.14843,0.86426,0.76009,0.85436,0.62851,0.82811,0.55916,1.06693,0.0081705,0.0027235,0.0081705,0.0027235,0.0081705,0.0027235,0.0081705,0.0027235
737,233685,1.02449,0.81488,1.149,0.86522,0.76117,0.85459,0.62881,0.82841,0.55886,1.06732,0.0081408,0.0027136,0.0081408,0.0027136,0.0081408,0.0027136,0.0081408,0.0027136
738,233980,1.02657,0.81562,1.14971,0.86504,0.76054,0.85447,0.62907,0.82801,0.55868,1.06723,0.0081111,0.0027037,0.0081111,0.0027037,0.0081111,0.0027037,0.0081111,0.0027037
739,234278,1.02596,0.81385,1.14763,0.86605,0.75989,0.85451,0.62915,0.82819,0.55848,1.06761,0.0080814,0.0026938,0.0080814,0.0026938,0.0080814,0.0026938,0.0080814,0.0026938
740,234576,1.02376,0.81316,1.14656,0.86623,0.76099,0.85448,0.62901,0.8281,0.55881,1.06781,0.0080517,0.0026839,0.0080517,0.0026839,0.0080517,0.0026839,0.0080517,0.0026839
741,234879,1.02576,0.816,1.15072,0.86606,0.76013,0.85431,0.62927,0.82727,0.5586,1.06733,0.008022,0.002674,0.008022,0.002674,0.008022,0.002674,0.008022,0.002674
742,235179,1.02668,0.81638,1.14987,0.86511,0.76009,0.85436,0.62929,0.82723,0.55807,1.06729,0.0079923,0.0026641,0.0079923,0.0026641,0.0079923,0.0026641,0.0079923,0.0026641
743,235476,1.0243,0.81437,1.14857,0.8653,0.7604,0.85455,0.62954,0.82733,0.55753,1.06753,0.0079626,0.0026542,0.0079626,0.0026542,0.0079626,0.0026542,0.0079626,0.0026542
744,235768,1.02474,0.81446,1.14748,0.86632,0.75965,0.85455,0.62948,0.82728,0.55747,1.0672,0.0079329,0.0026443,0.0079329,0.0026443,0.0079329,0.0026443,0.0079329,0.0026443
745,236063,1.02452,0.81275,1.14922,0.86577,0.76063,0.85452,0.62973,0.8269,0.55746,1.06717,0.0079032,0.0026344,0.0079032,0.0026344,0.0079032,0.0026344,0.0079032,0.0026344
746,236357,1.02169,0.81024,1.14696,0.86645,0.7604,0.85464,0.62975,0.8275,0.55754,1.06766,0.0078735,0.0026245,0.0078735,0.0026245,0.0078735,0.0026245,0.0078735,0.0026245
747,236653,1.02271,0.81156,1.14666,0.86968,0.75768,0.8546,0.62958,0.8273,0.55764,1.06731,0.0078438,0.0026146,0.0078438,0.0026146,0.0078438,0.0026146,0.0078438,0.0026146
748,236951,1.02295,0.81283,1.14558,0.86958,0.75732,0.85468,0.62966,0.8279,0.5576,1.06756,0.0078141,0.0026047,0.0078141,0.0026047,0.0078141,0.0026047,0.0078141,0.0026047
749,237246,1.02348,0.81295,1.14571,0.86592,0.76025,0.85461,0.62988,0.82758,0.55765,1.06725,0.0077844,0.0025948,0.0077844,0.0025948,0.0077844,0.0025948,0.0077844,0.0025948
750,237544,1.02352,0.81127,1.14609,0.86649,0.75941,0.85436,0.62959,0.82782,0.55729,1.06732,0.0077547,0.0025849,0.0077547,0.0025849,0.0077547,0.0025849,0.0077547,0.0025849
751,237840,1.02271,0.81185,1.14593,0.86585,0.75963,0.85444,0.62987,0.82722,0.55713,1.06673,0.007725,0.002575,0.007725,0.002575,0.007725,0.002575,0.007725,0.002575
752,238141,1.02137,0.81072,1.14665,0.86381,0.76009,0.85421,0.62957,0.82655,0.55624,1.06656,0.0076953,0.0025651,0.0076953,0.0025651,0.0076953,0.0025651,0.0076953,0.0025651
753,238439,1.0214,0.81242,1.14673,0.86408,0.75891,0.85399,0.6295,0.82614,0.55583,1.06636,0.0076656,0.0025552,0.0076656,0.0025552,0.0076656,0.0025552,0.0076656,0.0025552
754,238738,1.02096,0.80906,1.14511,0.8665,0.75756,0.854,0.62947,0.82586,0.55555,1.06634,0.0076359,0.0025453,0.0076359,0.0025453,0.0076359,0.0025453,0.0076359,0.0025453
755,239038,1.0246,0.81254,1.14753,0.8632,0.76049,0.85409,0.62955,0.82597,0.55562,1.06642,0.0076062,0.0025354,0.0076062,0.0025354,0.0076062,0.0025354,0.0076062,0.0025354
756,239337,1.02191,0.81085,1.14637,0.86229,0.76212,0.85421,0.62972,0.82653,0.55535,1.06667,0.0075765,0.0025255,0.0075765,0.0025255,0.0075765,0.0025255,0.0075765,0.0025255
757,239635,1.02034,0.81063,1.14528,0.86191,0.76158,0.85392,0.62992,0.82666,0.55507,1.06625,0.0075468,0.0025156,0.0075468,0.0025156,0.0075468,0.0025156,0.0075468,0.0025156
758,239931,1.02255,0.80989,1.14334,0.86175,0.76149,0.85413,0.62985,0.82651,0.5548,1.06543,0.0075171,0.0025057,0.0075171,0.0025057,0.0075171,0.0025057,0.0075171,0.0025057
759,240233,1.01824,0.80754,1.14433,0.86162,0.76117,0.85422,0.62987,0.82658,0.55477,1.0654,0.0074874,0.0024958,0.0074874,0.0024958,0.0074874,0.0024958,0.0074874,0.0024958
760,240528,1.02025,0.80779,1.14421,0.85987,0.76291,0.85425,0.62939,0.82672,0.55458,1.06535,0.0074577,0.0024859,0.0074577,0.0024859,0.0074577,0.0024859,0.0074577,0.0024859
761,240827,1.02136,0.80868,1.14513,0.86127,0.76231,0.85438,0.6295,0.82665,0.55432,1.0652,0.007428,0.002476,0.007428,0.002476,0.007428,0.002476,0.007428,0.002476
762,241125,1.02078,0.80888,1.14491,0.86361,0.76163,0.85443,0.62973,0.82694,0.55424,1.06537,0.0073983,0.0024661,0.0073983,0.0024661,0.0073983,0.0024661,0.0073983,0.0024661
763,241424,1.01996,0.80707,1.14561,0.86512,0.76004,0.85455,0.62998,0.82716,0.55394,1.06571,0.0073686,0.0024562,0.0073686,0.0024562,0.0073686,0.0024562,0.0073686,0.0024562
764,241722,1.01978,0.80949,1.14367,0.86506,0.76145,0.85486,0.63011,0.82674,0.55385,1.06549,0.0073389,0.0024463,0.0073389,0.0024463,0.0073389,0.0024463,0.0073389,0.0024463
765,242018,1.01879,0.80794,1.1446,0.8669,0.76046,0.85535,0.63017,0.82622,0.55388,1.06484,0.0073092,0.0024364,0.0073092,0.0024364,0.0073092,0.0024364,0.0073092,0.0024364
766,242316,1.02015,0.80723,1.14593,0.86682,0.75877,0.85507,0.62988,0.82609,0.55414,1.06463,0.0072795,0.0024265,0.0072795,0.0024265,0.0072795,0.0024265,0.0072795,0.0024265
767,242613,1.01849,0.80615,1.14542,0.86602,0.76036,0.85526,0.63008,0.82608,0.55452,1.06434,0.0072498,0.0024166,0.0072498,0.0024166,0.0072498,0.0024166,0.0072498,0.0024166
768,242911,1.01798,0.80438,1.14376,0.8639,0.76058,0.85454,0.62987,0.82543,0.55495,1.06363,0.0072201,0.0024067,0.0072201,0.0024067,0.0072201,0.0024067,0.0072201,0.0024067
769,243208,1.01927,0.80862,1.14389,0.86388,0.76163,0.85496,0.62999,0.82583,0.5552,1.06381,0.0071904,0.0023968,0.0071904,0.0023968,0.0071904,0.0023968,0.0071904,0.0023968
770,243506,1.01746,0.80432,1.14388,0.86525,0.76122,0.85505,0.62983,0.8258,0.55507,1.06383,0.0071607,0.0023869,0.0071607,0.0023869,0.0071607,0.0023869,0.0071607,0.0023869
771,243801,1.01907,0.80678,1.14312,0.86662,0.76018,0.85493,0.62985,0.82548,0.55529,1.06354,0.007131,0.002377,0.007131,0.002377,0.007131,0.002377,0.007131,0.002377
772,244095,1.01949,0.80672,1.14515,0.86751,0.75859,0.8548,0.63,0.82526,0.55574,1.06331,0.0071013,0.0023671,0.0071013,0.0023671,0.0071013,0.0023671,0.0071013,0.0023671
773,244389,1.01777,0.80532,1.14374,0.8651,0.76027,0.85512,0.63011,0.82541,0.55543,1.06383,0.0070716,0.0023572,0.0070716,0.0023572,0.0070716,0.0023572,0.0070716,0.0023572
774,244685,1.01779,0.80653,1.14382,0.86377,0.76134,0.85474,0.63018,0.82554,0.55536,1.06402,0.0070419,0.0023473,0.0070419,0.0023473,0.0070419,0.0023473,0.0070419,0.0023473
775,244977,1.01786,0.80593,1.14526,0.86381,0.76208,0.85486,0.63035,0.82576,0.55562,1.06414,0.0070122,0.0023374,0.0070122,0.0023374,0.0070122,0.0023374,0.0070122,0.0023374
776,245270,1.01547,0.80282,1.14312,0.86426,0.76149,0.85511,0.63033,0.82627,0.55531,1.06457,0.0069825,0.0023275,0.0069825,0.0023275,0.0069825,0.0023275,0.0069825,0.0023275
777,245564,1.01823,0.80505,1.14247,0.86466,0.76181,0.85525,0.63012,0.82654,0.55585,1.0647,0.0069528,0.0023176,0.0069528,0.0023176,0.0069528,0.0023176,0.0069528,0.0023176
778,245857,1.01689,0.80425,1.14228,0.86695,0.76058,0.85527,0.63008,0.8265,0.55606,1.06453,0.0069231,0.0023077,0.0069231,0.0023077,0.0069231,0.0023077,0.0069231,0.0023077
779,246153,1.01587,0.80515,1.14201,0.8656,0.76074,0.85476,0.63006,0.82627,0.55606,1.06424,0.0068934,0.0022978,0.0068934,0.0022978,0.0068934,0.0022978,0.0068934,0.0022978
780,246449,1.01399,0.80316,1.14223,0.86587,0.76181,0.85505,0.63019,0.82618,0.55571,1.06437,0.0068637,0.0022879,0.0068637,0.0022879,0.0068637,0.0022879,0.0068637,0.0022879
781,246747,1.0153,0.8015,1.14134,0.86558,0.76249,0.85522,0.63038,0.8262,0.55562,1.06433,0.006834,0.002278,0.006834,0.002278,0.006834,0.002278,0.006834,0.002278
782,247044,1.01594,0.80325,1.14168,0.865,0.76285,0.85569,0.63041,0.82622,0.55535,1.0639,0.0068043,0.0022681,0.0068043,0.0022681,0.0068043,0.0022681,0.0068043,0.0022681
783,247340,1.01484,0.80231,1.14175,0.86658,0.76219,0.85577,0.63038,0.82606,0.55561,1.06354,0.0067746,0.0022582,0.0067746,0.0022582,0.0067746,0.0022582,0.0067746,0.0022582
784,247639,1.01486,0.80129,1.14252,0.86641,0.76181,0.85595,0.6307,0.82591,0.5553,1.06303,0.0067449,0.0022483,0.0067449,0.0022483,0.0067449,0.0022483,0.0067449,0.0022483
785,247937,1.01374,0.80146,1.14066,0.8657,0.76154,0.85584,0.63051,0.82549,0.55497,1.06256,0.0067152,0.0022384,0.0067152,0.0022384,0.0067152,0.0022384,0.0067152,0.0022384
786,248235,1.01603,0.80264,1.14016,0.86635,0.7614,0.856,0.6304,0.8256,0.55501,1.06317,0.0066855,0.0022285,0.0066855,0.0022285,0.0066855,0.0022285,0.0066855,0.0022285
787,248533,1.01391,0.8013,1.14164,0.86598,0.76249,0.85601,0.63043,0.82573,0.55454,1.0637,0.0066558,0.0022186,0.0066558,0.0022186,0.0066558,0.0022186,0.0066558,0.0022186
788,248829,1.01328,0.80023,1.14148,0.86529,0.7633,0.85602,0.63063,0.82488,0.55455,1.06326,0.0066261,0.0022087,0.0066261,0.0022087,0.0066261,0.0022087,0.0066261,0.0022087
789,249122,1.01488,0.79948,1.14121,0.86482,0.76376,0.85615,0.6307,0.82509,0.55403,1.06311,0.0065964,0.0021988,0.0065964,0.0021988,0.0065964,0.0021988,0.0065964,0.0021988
790,249414,1.01253,0.79775,1.13987,0.86528,0.76447,0.85633,0.63093,0.82518,0.55373,1.06332,0.0065667,0.0021889,0.0065667,0.0021889,0.0065667,0.0021889,0.0065667,0.0021889
791,249706,1.01063,0.79758,1.13992,0.86483,0.7638,0.85613,0.63097,0.82497,0.5533,1.06322,0.006537,0.002179,0.006537,0.002179,0.006537,0.002179,0.006537,0.002179
792,249999,1.01063,0.79872,1.13953,0.86334,0.76484,0.85655,0.63098,0.82444,0.55312,1.06282,0.0065073,0.0021691,0.0065073,0.0021691,0.0065073,0.0021691,0.0065073,0.0021691
793,250292,1.01156,0.79929,1.13903,0.86373,0.76361,0.85652,0.63113,0.8243,0.55362,1.06238,0.0064776,0.0021592,0.0064776,0.0021592,0.0064776,0.0021592,0.0064776,0.0021592
794,250585,1.01073,0.79622,1.13822,0.86365,0.76338,0.85634,0.63118,0.82405,0.5537,1.06208,0.0064479,0.0021493,0.0064479,0.0021493,0.0064479,0.0021493,0.0064479,0.0021493
795,250878,1.00972,0.79667,1.13781,0.86511,0.76235,0.85629,0.63124,0.82398,0.55429,1.06192,0.0064182,0.0021394,0.0064182,0.0021394,0.0064182,0.0021394,0.0064182,0.0021394
796,251170,1.01142,0.79904,1.13974,0.86619,0.76212,0.85618,0.63103,0.82422,0.5542,1.06191,0.0063885,0.0021295,0.0063885,0.0021295,0.0063885,0.0021295,0.0063885,0.0021295
797,251464,1.00938,0.79702,1.13882,0.86671,0.76192,0.85643,0.63114,0.82382,0.55422,1.06159,0.0063588,0.0021196,0.0063588,0.0021196,0.0063588,0.0021196,0.0063588,0.0021196
798,251757,1.01103,0.7959,1.13875,0.86743,0.76159,0.85611,0.63134,0.82352,0.55401,1.06144,0.0063291,0.0021097,0.0063291,0.0021097,0.0063291,0.0021097,0.0063291,0.0021097
799,252051,1.01173,0.7978,1.1401,0.86909,0.7604,0.85618,0.63145,0.82336,0.55346,1.06171,0.0062994,0.0020998,0.0062994,0.0020998,0.0062994,0.0020998,0.0062994,0.0020998
800,252343,1.00922,0.79621,1.13849,0.86872,0.76064,0.85646,0.63169,0.82356,0.55336,1.06208,0.0062697,0.0020899,0.0062697,0.0020899,0.0062697,0.0020899,0.0062697,0.0020899
801,252634,1.01117,0.79639,1.14012,0.86786,0.76158,0.85622,0.63165,0.82398,0.5528,1.06264,0.00624,0.00208,0.00624,0.00208,0.00624,0.00208,0.00624,0.00208
802,252924,1.00685,0.79507,1.13869,0.86741,0.76163,0.85613,0.63181,0.82369,0.55279,1.06291,0.0062103,0.0020701,0.0062103,0.0020701,0.0062103,0.0020701,0.0062103,0.0020701
803,253214,1.00779,0.79285,1.13839,0.86578,0.76303,0.85646,0.63163,0.82347,0.5531,1.06284,0.0061806,0.0020602,0.0061806,0.0020602,0.0061806,0.0020602,0.0061806,0.0020602
804,253504,1.00916,0.79667,1.1382,0.86452,0.76385,0.85667,0.63163,0.82338,0.55259,1.06313,0.0061509,0.0020503,0.0061509,0.0020503,0.0061509,0.0020503,0.0061509,0.0020503
805,253797,1.00916,0.79472,1.13784,0.8657,0.76362,0.85667,0.63187,0.82336,0.55202,1.06302,0.0061212,0.0020404,0.0061212,0.0020404,0.0061212,0.0020404,0.0061212,0.0020404
806,254090,1.00816,0.79385,1.13928,0.86638,0.76269,0.85661,0.63223,0.82324,0.55126,1.06277,0.0060915,0.0020305,0.0060915,0.0020305,0.0060915,0.0020305,0.0060915,0.0020305
807,254385,1.00909,0.79307,1.13735,0.86639,0.7636,0.85679,0.63233,0.82329,0.55072,1.06305,0.0060618,0.0020206,0.0060618,0.0020206,0.0060618,0.0020206,0.0060618,0.0020206
808,254679,1.00885,0.79411,1.13732,0.86589,0.76339,0.85689,0.63242,0.82316,0.55058,1.06318,0.0060321,0.0020107,0.0060321,0.0020107,0.0060321,0.0020107,0.0060321,0.0020107
809,254977,1.00905,0.79419,1.13838,0.86773,0.76312,0.85706,0.63264,0.82328,0.55007,1.0634,0.0060024,0.0020008,0.0060024,0.0020008,0.0060024,0.0020008,0.0060024,0.0020008
810,255272,1.00679,0.79145,1.13842,0.86699,0.76405,0.85735,0.63269,0.82318,0.54979,1.06345,0.0059727,0.0019909,0.0059727,0.0019909,0.0059727,0.0019909,0.0059727,0.0019909
811,255567,1.00848,0.79269,1.13632,0.86646,0.76453,0.85753,0.63278,0.82336,0.54957,1.06376,0.005943,0.001981,0.005943,0.001981,0.005943,0.001981,0.005943,0.001981
812,255864,1.00929,0.79105,1.13615,0.8662,0.76383,0.85725,0.63269,0.82393,0.54946,1.06377,0.0059133,0.0019711,0.0059133,0.0019711,0.0059133,0.0019711,0.0059133,0.0019711
813,256154,1.00638,0.79173,1.13583,0.86662,0.76439,0.85734,0.63279,0.82444,0.54956,1.06395,0.0058836,0.0019612,0.0058836,0.0019612,0.0058836,0.0019612,0.0058836,0.0019612
814,256446,1.00762,0.79095,1.13611,0.86731,0.76362,0.85739,0.63284,0.8244,0.54932,1.0636,0.0058539,0.0019513,0.0058539,0.0019513,0.0058539,0.0019513,0.0058539,0.0019513
815,256739,1.00729,0.79146,1.13642,0.86677,0.76453,0.85736,0.63269,0.82486,0.54966,1.06347,0.0058242,0.0019414,0.0058242,0.0019414,0.0058242,0.0019414,0.0058242,0.0019414
816,257033,1.00497,0.78988,1.1329,0.86582,0.76543,0.85742,0.63285,0.82479,0.54958,1.06309,0.0057945,0.0019315,0.0057945,0.0019315,0.0057945,0.0019315,0.0057945,0.0019315
817,257326,1.00702,0.79238,1.13654,0.86778,0.76365,0.85729,0.63259,0.82518,0.54991,1.06356,0.0057648,0.0019216,0.0057648,0.0019216,0.0057648,0.0019216,0.0057648,0.0019216
818,257620,1.00464,0.78877,1.1364,0.86998,0.76222,0.85743,0.63257,0.82612,0.54999,1.06432,0.0057351,0.0019117,0.0057351,0.0019117,0.0057351,0.0019117,0.0057351,0.0019117
819,257915,1.00568,0.78917,1.13535,0.86941,0.76262,0.85737,0.63225,0.82603,0.54993,1.06435,0.0057054,0.0019018,0.0057054,0.0019018,0.0057054,0.0019018,0.0057054,0.0019018
820,258209,1.00389,0.78981,1.13496,0.86795,0.76419,0.85767,0.63246,0.82558,0.54967,1.06412,0.0056757,0.0018919,0.0056757,0.0018919,0.0056757,0.0018919,0.0056757,0.0018919
821,258504,1.00388,0.78781,1.13401,0.86515,0.76471,0.85742,0.63279,0.82527,0.5492,1.06404,0.005646,0.001882,0.005646,0.001882,0.005646,0.001882,0.005646,0.001882
822,258799,1.0026,0.78851,1.13286,0.86737,0.76371,0.85779,0.63293,0.82493,0.54891,1.06371,0.0056163,0.0018721,0.0056163,0.0018721,0.0056163,0.0018721,0.0056163,0.0018721
823,259095,1.00243,0.78712,1.13224,0.86372,0.76644,0.85757,0.63303,0.82438,0.5487,1.06298,0.0055866,0.0018622,0.0055866,0.0018622,0.0055866,0.0018622,0.0055866,0.0018622
824,259392,1.00385,0.78892,1.13431,0.86416,0.76584,0.85783,0.63311,0.8237,0.54838,1.06254,0.0055569,0.0018523,0.0055569,0.0018523,0.0055569,0.0018523,0.0055569,0.0018523
825,259687,1.00394,0.78742,1.13435,0.86375,0.76494,0.85772,0.63336,0.82357,0.54852,1.06244,0.0055272,0.0018424,0.0055272,0.0018424,0.0055272,0.0018424,0.0055272,0.0018424
826,259983,1.00457,0.78814,1.13319,0.86564,0.76444,0.85797,0.63317,0.82335,0.54841,1.06199,0.0054975,0.0018325,0.0054975,0.0018325,0.0054975,0.0018325,0.0054975,0.0018325
827,260279,1.0019,0.78535,1.13339,0.86733,0.76471,0.85819,0.63336,0.82278,0.54877,1.06142,0.0054678,0.0018226,0.0054678,0.0018226,0.0054678,0.0018226,0.0054678,0.0018226
828,260575,1.0016,0.78587,1.13332,0.86556,0.76661,0.85793,0.63324,0.82211,0.54856,1.06095,0.0054381,0.0018127,0.0054381,0.0018127,0.0054381,0.0018127,0.0054381,0.0018127
829,260872,1.00223,0.7863,1.13408,0.86661,0.76656,0.85825,0.63323,0.82197,0.54846,1.06077,0.0054084,0.0018028,0.0054084,0.0018028,0.0054084,0.0018028,0.0054084,0.0018028
830,261165,1.00225,0.78847,1.13333,0.8687,0.76516,0.85849,0.63346,0.82162,0.54839,1.06059,0.0053787,0.0017929,0.0053787,0.0017929,0.0053787,0.0017929,0.0053787,0.0017929
831,261459,1.00056,0.78378,1.13113,0.86881,0.76577,0.85869,0.63355,0.82121,0.54792,1.06025,0.005349,0.001783,0.005349,0.001783,0.005349,0.001783,0.005349,0.001783
832,261754,1.00152,0.78428,1.13275,0.86854,0.76462,0.85875,0.63382,0.82063,0.54772,1.05995,0.0053193,0.0017731,0.0053193,0.0017731,0.0053193,0.0017731,0.0053193,0.0017731
833,262051,1.00036,0.78545,1.13307,0.86793,0.76554,0.85904,0.63414,0.82032,0.54786,1.05971,0.0052896,0.0017632,0.0052896,0.0017632,0.0052896,0.0017632,0.0052896,0.0017632
834,262345,1.0016,0.78578,1.13152,0.86888,0.76507,0.85896,0.63397,0.8201,0.54732,1.05935,0.0052599,0.0017533,0.0052599,0.0017533,0.0052599,0.0017533,0.0052599,0.0017533
835,262642,0.99992,0.78197,1.13067,0.86668,0.76657,0.85892,0.63376,0.82044,0.54685,1.05976,0.0052302,0.0017434,0.0052302,0.0017434,0.0052302,0.0017434,0.0052302,0.0017434
836,262938,0.99971,0.78349,1.13332,0.86572,0.76734,0.85869,0.63398,0.82005,0.54693,1.05989,0.0052005,0.0017335,0.0052005,0.0017335,0.0052005,0.0017335,0.0052005,0.0017335
837,263234,1.00034,0.7802,1.13228,0.8654,0.76756,0.85865,0.63369,0.82008,0.54656,1.05976,0.0051708,0.0017236,0.0051708,0.0017236,0.0051708,0.0017236,0.0051708,0.0017236
838,263529,0.99832,0.78268,1.13201,0.86641,0.76657,0.85879,0.63388,0.82003,0.54631,1.0598,0.0051411,0.0017137,0.0051411,0.0017137,0.0051411,0.0017137,0.0051411,0.0017137
839,263825,0.99894,0.78322,1.13176,0.8655,0.76788,0.85859,0.63423,0.81973,0.54636,1.05949,0.0051114,0.0017038,0.0051114,0.0017038,0.0051114,0.0017038,0.0051114,0.0017038
840,264119,0.99802,0.78065,1.13211,0.86578,0.7681,0.85899,0.63447,0.81959,0.54574,1.05933,0.0050817,0.0016939,0.0050817,0.0016939,0.0050817,0.0016939,0.0050817,0.0016939
841,264411,1.00025,0.78239,1.13244,0.86404,0.76856,0.85884,0.63455,0.81958,0.54547,1.05933,0.005052,0.001684,0.005052,0.001684,0.005052,0.001684,0.005052,0.001684
842,264702,0.99763,0.7818,1.13118,0.86416,0.7672,0.85873,0.63445,0.81995,0.54518,1.05922,0.0050223,0.0016741,0.0050223,0.0016741,0.0050223,0.0016741,0.0050223,0.0016741
843,264993,0.9973,0.78075,1.13025,0.86462,0.7667,0.85866,0.63415,0.82011,0.54531,1.05875,0.0049926,0.0016642,0.0049926,0.0016642,0.0049926,0.0016642,0.0049926,0.0016642
844,265286,0.99764,0.77973,1.13204,0.86447,0.76733,0.85892,0.63449,0.82018,0.5448,1.05884,0.0049629,0.0016543,0.0049629,0.0016543,0.0049629,0.0016543,0.0049629,0.0016543
845,265573,0.99802,0.78105,1.13241,0.86573,0.76628,0.85912,0.6345,0.82002,0.54461,1.05884,0.0049332,0.0016444,0.0049332,0.0016444,0.0049332,0.0016444,0.0049332,0.0016444
846,265864,0.9965,0.77795,1.12932,0.86641,0.76566,0.85888,0.63455,0.82001,0.54504,1.0587,0.0049035,0.0016345,0.0049035,0.0016345,0.0049035,0.0016345,0.0049035,0.0016345
847,266158,0.99588,0.77951,1.12888,0.86525,0.76629,0.85899,0.63481,0.81969,0.54456,1.05853,0.0048738,0.0016246,0.0048738,0.0016246,0.0048738,0.0016246,0.0048738,0.0016246
848,266451,0.99432,0.77895,1.12818,0.86626,0.76557,0.85934,0.63512,0.81948,0.54435,1.05866,0.0048441,0.0016147,0.0048441,0.0016147,0.0048441,0.0016147,0.0048441,0.0016147
849,266739,0.99522,0.77663,1.1292,0.86574,0.76579,0.85896,0.63506,0.81968,0.54393,1.05865,0.0048144,0.0016048,0.0048144,0.0016048,0.0048144,0.0016048,0.0048144,0.0016048
850,267032,0.99517,0.77816,1.13028,0.86656,0.76552,0.85931,0.63518,0.81935,0.5439,1.05853,0.0047847,0.0015949,0.0047847,0.0015949,0.0047847,0.0015949,0.0047847,0.0015949
851,267322,0.99359,0.77833,1.12849,0.86651,0.76548,0.85935,0.63553,0.81927,0.54405,1.05862,0.004755,0.001585,0.004755,0.001585,0.004755,0.001585,0.004755,0.001585
852,267616,0.99557,0.77542,1.1287,0.86655,0.76583,0.85952,0.63552,0.81882,0.54436,1.05849,0.0047253,0.0015751,0.0047253,0.0015751,0.0047253,0.0015751,0.0047253,0.0015751
853,267912,0.99364,0.77611,1.12745,0.86655,0.76666,0.85933,0.63558,0.8189,0.54465,1.05859,0.0046956,0.0015652,0.0046956,0.0015652,0.0046956,0.0015652,0.0046956,0.0015652
854,268207,0.99401,0.77676,1.12914,0.86683,0.76639,0.85941,0.63575,0.81863,0.54446,1.05854,0.0046659,0.0015553,0.0046659,0.0015553,0.0046659,0.0015553,0.0046659,0.0015553
855,268504,0.99498,0.77691,1.12899,0.86578,0.76779,0.85947,0.6355,0.81869,0.54454,1.05896,0.0046362,0.0015454,0.0046362,0.0015454,0.0046362,0.0015454,0.0046362,0.0015454
856,268797,0.99375,0.77523,1.12866,0.86563,0.76711,0.85957,0.6355,0.81847,0.544,1.059,0.0046065,0.0015355,0.0046065,0.0015355,0.0046065,0.0015355,0.0046065,0.0015355
857,269090,0.99308,0.77668,1.12818,0.86724,0.76743,0.86002,0.63584,0.81916,0.54365,1.05927,0.0045768,0.0015256,0.0045768,0.0015256,0.0045768,0.0015256,0.0045768,0.0015256
858,269385,0.9928,0.77532,1.12893,0.8689,0.76696,0.86009,0.63581,0.81929,0.54326,1.05967,0.0045471,0.0015157,0.0045471,0.0015157,0.0045471,0.0015157,0.0045471,0.0015157
859,269679,0.99103,0.77232,1.12727,0.86848,0.76707,0.86,0.63582,0.81963,0.54302,1.06014,0.0045174,0.0015058,0.0045174,0.0015058,0.0045174,0.0015058,0.0045174,0.0015058
860,269973,0.99149,0.77515,1.12743,0.86801,0.76697,0.85968,0.63575,0.81883,0.54289,1.05997,0.0044877,0.0014959,0.0044877,0.0014959,0.0044877,0.0014959,0.0044877,0.0014959
861,270268,0.99093,0.77146,1.12537,0.86801,0.76724,0.85957,0.63595,0.81852,0.54253,1.05975,0.004458,0.001486,0.004458,0.001486,0.004458,0.001486,0.004458,0.001486
862,270563,0.98929,0.77141,1.12699,0.86732,0.7677,0.8597,0.63605,0.81822,0.5421,1.05975,0.0044283,0.0014761,0.0044283,0.0014761,0.0044283,0.0014761,0.0044283,0.0014761
863,270856,0.99197,0.77332,1.12699,0.86707,0.76783,0.86014,0.63621,0.81778,0.54176,1.05934,0.0043986,0.0014662,0.0043986,0.0014662,0.0043986,0.0014662,0.0043986,0.0014662
864,271149,0.99276,0.77337,1.12703,0.86626,0.76865,0.85989,0.63626,0.81759,0.54178,1.05917,0.0043689,0.0014563,0.0043689,0.0014563,0.0043689,0.0014563,0.0043689,0.0014563
865,271441,0.98857,0.77235,1.12532,0.86777,0.76832,0.85986,0.6363,0.81742,0.54153,1.05894,0.0043392,0.0014464,0.0043392,0.0014464,0.0043392,0.0014464,0.0043392,0.0014464
866,271735,0.98927,0.77201,1.12601,0.86687,0.7682,0.85943,0.63608,0.81748,0.54173,1.05868,0.0043095,0.0014365,0.0043095,0.0014365,0.0043095,0.0014365,0.0043095,0.0014365
867,272030,0.98951,0.77072,1.12601,0.86575,0.76843,0.85971,0.63629,0.81758,0.54161,1.05869,0.0042798,0.0014266,0.0042798,0.0014266,0.0042798,0.0014266,0.0042798,0.0014266
868,272324,0.98642,0.76895,1.12391,0.86372,0.76942,0.85945,0.63634,0.81771,0.54157,1.05879,0.0042501,0.0014167,0.0042501,0.0014167,0.0042501,0.0014167,0.0042501,0.0014167
869,272617,0.9873,0.77054,1.12512,0.86518,0.76824,0.85928,0.63607,0.81756,0.54121,1.05896,0.0042204,0.0014068,0.0042204,0.0014068,0.0042204,0.0014068,0.0042204,0.0014068
870,272914,0.98856,0.76942,1.12458,0.86404,0.7688,0.85942,0.63615,0.81745,0.54082,1.05847,0.0041907,0.0013969,0.0041907,0.0013969,0.0041907,0.0013969,0.0041907,0.0013969
871,273207,0.98771,0.76913,1.12504,0.86592,0.76843,0.85949,0.63588,0.81751,0.54047,1.05832,0.004161,0.001387,0.004161,0.001387,0.004161,0.001387,0.004161,0.001387
872,273499,0.98831,0.76807,1.12467,0.86685,0.76747,0.85967,0.636,0.81726,0.54015,1.05811,0.0041313,0.0013771,0.0041313,0.0013771,0.0041313,0.0013771,0.0041313,0.0013771
873,273790,0.98645,0.76955,1.12464,0.86636,0.76751,0.8594,0.63581,0.81776,0.54037,1.05845,0.0041016,0.0013672,0.0041016,0.0013672,0.0041016,0.0013672,0.0041016,0.0013672
874,274083,0.9876,0.76873,1.12364,0.86612,0.76797,0.85923,0.63574,0.81765,0.54037,1.0584,0.0040719,0.0013573,0.0040719,0.0013573,0.0040719,0.0013573,0.0040719,0.0013573
875,274375,0.98441,0.76811,1.12312,0.86733,0.76833,0.85945,0.63567,0.8174,0.54044,1.05829,0.0040422,0.0013474,0.0040422,0.0013474,0.0040422,0.0013474,0.0040422,0.0013474
876,274670,0.9857,0.76592,1.12385,0.86928,0.7682,0.85981,0.63568,0.8178,0.54049,1.05858,0.0040125,0.0013375,0.0040125,0.0013375,0.0040125,0.0013375,0.0040125,0.0013375
877,274965,0.98713,0.76669,1.12146,0.86799,0.76856,0.85981,0.6357,0.81844,0.54081,1.05897,0.0039828,0.0013276,0.0039828,0.0013276,0.0039828,0.0013276,0.0039828,0.0013276
878,275258,0.98276,0.76408,1.12115,0.86945,0.76704,0.85996,0.63561,0.81844,0.5408,1.05899,0.0039531,0.0013177,0.0039531,0.0013177,0.0039531,0.0013177,0.0039531,0.0013177
879,275548,0.98432,0.76442,1.12253,0.87038,0.76616,0.86037,0.6358,0.81865,0.54087,1.05912,0.0039234,0.0013078,0.0039234,0.0013078,0.0039234,0.0013078,0.0039234,0.0013078
880,275837,0.98453,0.76428,1.12076,0.86857,0.76777,0.86016,0.63554,0.81872,0.5407,1.05924,0.0038937,0.0012979,0.0038937,0.0012979,0.0038937,0.0012979,0.0038937,0.0012979
881,276128,0.98254,0.76373,1.12171,0.86819,0.76878,0.86017,0.63533,0.81829,0.54109,1.0591,0.003864,0.001288,0.003864,0.001288,0.003864,0.001288,0.003864,0.001288
882,276422,0.98245,0.76517,1.1229,0.86909,0.76752,0.8602,0.63545,0.81764,0.5407,1.05863,0.0038343,0.0012781,0.0038343,0.0012781,0.0038343,0.0012781,0.0038343,0.0012781
883,276717,0.9821,0.76185,1.12228,0.87108,0.76571,0.86,0.63577,0.81729,0.54037,1.0585,0.0038046,0.0012682,0.0038046,0.0012682,0.0038046,0.0012682,0.0038046,0.0012682
884,277012,0.98156,0.76279,1.12068,0.87131,0.76571,0.86019,0.63573,0.81689,0.54017,1.05852,0.0037749,0.0012583,0.0037749,0.0012583,0.0037749,0.0012583,0.0037749,0.0012583
885,277305,0.98211,0.76309,1.12346,0.87002,0.7667,0.86047,0.63601,0.81691,0.53975,1.05884,0.0037452,0.0012484,0.0037452,0.0012484,0.0037452,0.0012484,0.0037452,0.0012484
886,277602,0.98211,0.76264,1.12089,0.86907,0.76756,0.86068,0.63641,0.81661,0.53921,1.05909,0.0037155,0.0012385,0.0037155,0.0012385,0.0037155,0.0012385,0.0037155,0.0012385
887,277901,0.98223,0.76073,1.12092,0.869,0.76794,0.86028,0.63677,0.81619,0.53887,1.05883,0.0036858,0.0012286,0.0036858,0.0012286,0.0036858,0.0012286,0.0036858,0.0012286
888,278198,0.98103,0.76001,1.11869,0.86724,0.76836,0.86029,0.63659,0.81641,0.53887,1.05885,0.0036561,0.0012187,0.0036561,0.0012187,0.0036561,0.0012187,0.0036561,0.0012187
889,278490,0.98083,0.76127,1.11991,0.86992,0.76634,0.86023,0.63659,0.81629,0.53854,1.05891,0.0036264,0.0012088,0.0036264,0.0012088,0.0036264,0.0012088,0.0036264,0.0012088
890,278784,0.98217,0.76198,1.12151,0.87142,0.76552,0.86022,0.63664,0.81653,0.53844,1.05926,0.0035967,0.0011989,0.0035967,0.0011989,0.0035967,0.0011989,0.0035967,0.0011989
891,279079,0.98171,0.75987,1.1205,0.87156,0.76434,0.85996,0.63667,0.81656,0.53775,1.05936,0.003567,0.001189,0.003567,0.001189,0.003567,0.001189,0.003567,0.001189
892,279369,0.97883,0.7609,1.12063,0.87269,0.76405,0.86021,0.63687,0.81702,0.53755,1.05978,0.0035373,0.0011791,0.0035373,0.0011791,0.0035373,0.0011791,0.0035373,0.0011791
893,279663,0.97988,0.75831,1.11915,0.87341,0.76285,0.85999,0.63697,0.81695,0.53752,1.05952,0.0035076,0.0011692,0.0035076,0.0011692,0.0035076,0.0011692,0.0035076,0.0011692
894,279959,0.97793,0.75962,1.1205,0.87287,0.76342,0.85999,0.63729,0.81659,0.53757,1.05949,0.0034779,0.0011593,0.0034779,0.0011593,0.0034779,0.0011593,0.0034779,0.0011593
895,280256,0.97739,0.75791,1.11796,0.87519,0.76253,0.86014,0.63723,0.81641,0.53728,1.05942,0.0034482,0.0011494,0.0034482,0.0011494,0.0034482,0.0011494,0.0034482,0.0011494
896,280551,0.97802,0.75742,1.11874,0.87256,0.76394,0.86039,0.63717,0.81637,0.53676,1.05908,0.0034185,0.0011395,0.0034185,0.0011395,0.0034185,0.0011395,0.0034185,0.0011395
897,280847,0.97738,0.75586,1.11875,0.87352,0.76474,0.86047,0.63711,0.81657,0.53638,1.05902,0.0033888,0.0011296,0.0033888,0.0011296,0.0033888,0.0011296,0.0033888,0.0011296
898,281142,0.9778,0.75926,1.11816,0.87282,0.76516,0.86034,0.63713,0.8166,0.53598,1.05889,0.0033591,0.0011197,0.0033591,0.0011197,0.0033591,0.0011197,0.0033591,0.0011197
899,281432,0.97746,0.75623,1.1193,0.87227,0.76579,0.86051,0.63703,0.81665,0.53566,1.05899,0.0033294,0.0011098,0.0033294,0.0011098,0.0033294,0.0011098,0.0033294,0.0011098
900,281724,0.97727,0.75613,1.11768,0.87132,0.76543,0.86019,0.63744,0.81669,0.53566,1.05861,0.0032997,0.0010999,0.0032997,0.0010999,0.0032997,0.0010999,0.0032997,0.0010999
901,282017,0.97513,0.75396,1.1181,0.86876,0.76734,0.86059,0.63764,0.81649,0.53521,1.05846,0.00327,0.00109,0.00327,0.00109,0.00327,0.00109,0.00327,0.00109
902,282308,0.97471,0.75455,1.11694,0.86869,0.76779,0.86068,0.6377,0.81671,0.53507,1.05866,0.0032403,0.0010801,0.0032403,0.0010801,0.0032403,0.0010801,0.0032403,0.0010801
903,282603,0.97713,0.75184,1.11718,0.86702,0.7692,0.86055,0.63778,0.81667,0.53525,1.0584,0.0032106,0.0010702,0.0032106,0.0010702,0.0032106,0.0010702,0.0032106,0.0010702
904,282897,0.97563,0.75357,1.11706,0.86646,0.7696,0.86065,0.63793,0.81621,0.53484,1.05805,0.0031809,0.0010603,0.0031809,0.0010603,0.0031809,0.0010603,0.0031809,0.0010603
905,283193,0.97363,0.754,1.11686,0.86677,0.76964,0.86074,0.63814,0.8159,0.53463,1.05768,0.0031512,0.0010504,0.0031512,0.0010504,0.0031512,0.0010504,0.0031512,0.0010504
906,283486,0.97065,0.75025,1.11424,0.86625,0.77033,0.86076,0.63805,0.81583,0.53437,1.05738,0.0031215,0.0010405,0.0031215,0.0010405,0.0031215,0.0010405,0.0031215,0.0010405
907,283778,0.9713,0.75087,1.11563,0.8663,0.77033,0.86082,0.63773,0.81604,0.53447,1.05761,0.0030918,0.0010306,0.0030918,0.0010306,0.0030918,0.0010306,0.0030918,0.0010306
908,284072,0.97374,0.752,1.11526,0.8684,0.76979,0.86077,0.63775,0.81579,0.5346,1.0575,0.0030621,0.0010207,0.0030621,0.0010207,0.0030621,0.0010207,0.0030621,0.0010207
909,284366,0.97355,0.75096,1.11692,0.87027,0.76808,0.86056,0.63765,0.81558,0.53461,1.05732,0.0030324,0.0010108,0.0030324,0.0010108,0.0030324,0.0010108,0.0030324,0.0010108
910,284658,0.97067,0.7508,1.11489,0.8702,0.76758,0.86065,0.63781,0.81559,0.53451,1.05756,0.0030027,0.0010009,0.0030027,0.0010009,0.0030027,0.0010009,0.0030027,0.0010009
911,284953,0.97087,0.74831,1.1154,0.87138,0.76747,0.86075,0.63789,0.81532,0.53471,1.05716,0.002973,0.000991,0.002973,0.000991,0.002973,0.000991,0.002973,0.000991
912,285248,0.97004,0.74943,1.11473,0.87174,0.76711,0.86095,0.63811,0.81496,0.53466,1.05697,0.0029433,0.0009811,0.0029433,0.0009811,0.0029433,0.0009811,0.0029433,0.0009811
913,285541,0.96952,0.74832,1.11408,0.87302,0.76562,0.86078,0.63832,0.81502,0.53429,1.05695,0.0029136,0.0009712,0.0029136,0.0009712,0.0029136,0.0009712,0.0029136,0.0009712
914,285834,0.97019,0.74819,1.11343,0.87265,0.76688,0.86068,0.63829,0.81493,0.53403,1.05658,0.0028839,0.0009613,0.0028839,0.0009613,0.0028839,0.0009613,0.0028839,0.0009613
915,286127,0.96866,0.74482,1.11366,0.87315,0.76688,0.86067,0.63856,0.81471,0.53423,1.0566,0.0028542,0.0009514,0.0028542,0.0009514,0.0028542,0.0009514,0.0028542,0.0009514
916,286420,0.96934,0.74707,1.11397,0.87383,0.76675,0.86068,0.63845,0.81493,0.53401,1.05671,0.0028245,0.0009415,0.0028245,0.0009415,0.0028245,0.0009415,0.0028245,0.0009415
917,286719,0.96701,0.74489,1.11186,0.87413,0.76643,0.86095,0.63881,0.81546,0.53317,1.05673,0.0027948,0.0009316,0.0027948,0.0009316,0.0027948,0.0009316,0.0027948,0.0009316
918,287016,0.96814,0.74552,1.11305,0.87144,0.76716,0.86062,0.63862,0.81566,0.53327,1.05678,0.0027651,0.0009217,0.0027651,0.0009217,0.0027651,0.0009217,0.0027651,0.0009217
919,287309,0.96728,0.74431,1.11101,0.87172,0.76725,0.86079,0.63846,0.81594,0.53332,1.05696,0.0027354,0.0009118,0.0027354,0.0009118,0.0027354,0.0009118,0.0027354,0.0009118
920,287604,0.96781,0.74286,1.11209,0.87037,0.76824,0.86114,0.63854,0.81649,0.53334,1.0574,0.0027057,0.0009019,0.0027057,0.0009019,0.0027057,0.0009019,0.0027057,0.0009019
921,287896,0.96531,0.74299,1.11129,0.8696,0.76947,0.86147,0.63853,0.81719,0.53327,1.0578,0.002676,0.000892,0.002676,0.000892,0.002676,0.000892,0.002676,0.000892
922,288187,0.96419,0.74304,1.11122,0.86963,0.76847,0.86119,0.63828,0.81739,0.53335,1.05817,0.0026463,0.0008821,0.0026463,0.0008821,0.0026463,0.0008821,0.0026463,0.0008821
923,288479,0.96473,0.74172,1.1092,0.87172,0.76738,0.86113,0.63824,0.8176,0.5333,1.05803,0.0026166,0.0008722,0.0026166,0.0008722,0.0026166,0.0008722,0.0026166,0.0008722
924,288772,0.96558,0.74137,1.10996,0.87277,0.76679,0.86123,0.63843,0.81794,0.53299,1.05781,0.0025869,0.0008623,0.0025869,0.0008623,0.0025869,0.0008623,0.0025869,0.0008623
925,289067,0.96435,0.74103,1.10905,0.87276,0.76775,0.86185,0.63882,0.81775,0.53276,1.05762,0.0025572,0.0008524,0.0025572,0.0008524,0.0025572,0.0008524,0.0025572,0.0008524
926,289365,0.96407,0.74,1.10975,0.87361,0.76697,0.86174,0.63879,0.81744,0.53309,1.05716,0.0025275,0.0008425,0.0025275,0.0008425,0.0025275,0.0008425,0.0025275,0.0008425
927,289666,0.96278,0.73953,1.10907,0.87377,0.7672,0.8613,0.63863,0.81753,0.53259,1.05728,0.0024978,0.0008326,0.0024978,0.0008326,0.0024978,0.0008326,0.0024978,0.0008326
928,289963,0.96377,0.74087,1.10995,0.87507,0.76674,0.86127,0.63855,0.8178,0.53254,1.05732,0.0024681,0.0008227,0.0024681,0.0008227,0.0024681,0.0008227,0.0024681,0.0008227
929,290256,0.96031,0.73635,1.10814,0.87336,0.76775,0.86154,0.63865,0.81782,0.53232,1.05734,0.0024384,0.0008128,0.0024384,0.0008128,0.0024384,0.0008128,0.0024384,0.0008128
930,290548,0.9596,0.73583,1.107,0.87342,0.76847,0.86148,0.6388,0.81723,0.53204,1.05674,0.0024087,0.0008029,0.0024087,0.0008029,0.0024087,0.0008029,0.0024087,0.0008029
931,290839,0.96089,0.73732,1.10838,0.8726,0.76903,0.86123,0.6391,0.81661,0.53193,1.05631,0.002379,0.000793,0.002379,0.000793,0.002379,0.000793,0.002379,0.000793
932,291131,0.96065,0.73583,1.10739,0.87275,0.76947,0.86158,0.63919,0.81662,0.53139,1.05621,0.0023493,0.0007831,0.0023493,0.0007831,0.0023493,0.0007831,0.0023493,0.0007831
933,291424,0.95937,0.73494,1.10667,0.87394,0.76865,0.8618,0.63936,0.81631,0.53155,1.05565,0.0023196,0.0007732,0.0023196,0.0007732,0.0023196,0.0007732,0.0023196,0.0007732
934,291717,0.95861,0.73548,1.10763,0.87303,0.76924,0.86158,0.639,0.8167,0.53164,1.05599,0.0022899,0.0007633,0.0022899,0.0007633,0.0022899,0.0007633,0.0022899,0.0007633
935,292011,0.95794,0.73379,1.10832,0.87471,0.76797,0.86168,0.63917,0.81694,0.53116,1.05637,0.0022602,0.0007534,0.0022602,0.0007534,0.0022602,0.0007534,0.0022602,0.0007534
936,292307,0.95664,0.73258,1.10627,0.87462,0.7687,0.86233,0.63938,0.81655,0.53062,1.05602,0.0022305,0.0007435,0.0022305,0.0007435,0.0022305,0.0007435,0.0022305,0.0007435
937,292602,0.95592,0.73222,1.1068,0.87412,0.76865,0.86214,0.63952,0.81648,0.53039,1.05614,0.0022008,0.0007336,0.0022008,0.0007336,0.0022008,0.0007336,0.0022008,0.0007336
938,292896,0.95638,0.73188,1.10495,0.87381,0.76865,0.86176,0.63981,0.81651,0.53013,1.0559,0.0021711,0.0007237,0.0021711,0.0007237,0.0021711,0.0007237,0.0021711,0.0007237
939,293192,0.95466,0.73191,1.10484,0.87544,0.76833,0.86208,0.63975,0.81646,0.52964,1.05573,0.0021414,0.0007138,0.0021414,0.0007138,0.0021414,0.0007138,0.0021414,0.0007138
940,293487,0.95476,0.73146,1.10387,0.87526,0.76869,0.86181,0.64,0.81631,0.52935,1.0557,0.0021117,0.0007039,0.0021117,0.0007039,0.0021117,0.0007039,0.0021117,0.0007039
941,293780,0.95319,0.72928,1.1038,0.87544,0.76833,0.86222,0.64013,0.81602,0.52966,1.05525,0.002082,0.000694,0.002082,0.000694,0.002082,0.000694,0.002082,0.000694
942,294072,0.95489,0.72813,1.10383,0.8744,0.76833,0.86196,0.6401,0.81621,0.53021,1.05527,0.0020523,0.0006841,0.0020523,0.0006841,0.0020523,0.0006841,0.0020523,0.0006841
943,294363,0.95192,0.72667,1.10345,0.87263,0.77019,0.86213,0.64025,0.81588,0.5299,1.05482,0.0020226,0.0006742,0.0020226,0.0006742,0.0020226,0.0006742,0.0020226,0.0006742
944,294655,0.95415,0.72743,1.10364,0.87203,0.77062,0.86214,0.64011,0.81622,0.52922,1.05554,0.0019929,0.0006643,0.0019929,0.0006643,0.0019929,0.0006643,0.0019929,0.0006643
945,294949,0.9507,0.72475,1.10389,0.87308,0.7696,0.86199,0.64002,0.81654,0.52846,1.05607,0.0019632,0.0006544,0.0019632,0.0006544,0.0019632,0.0006544,0.0019632,0.0006544
946,295243,0.95324,0.72729,1.10468,0.87118,0.77137,0.86217,0.64004,0.81659,0.52868,1.05615,0.0019335,0.0006445,0.0019335,0.0006445,0.0019335,0.0006445,0.0019335,0.0006445
947,295536,0.95149,0.7249,1.10173,0.87141,0.77142,0.8624,0.64018,0.81684,0.52872,1.05631,0.0019038,0.0006346,0.0019038,0.0006346,0.0019038,0.0006346,0.0019038,0.0006346
948,295832,0.94828,0.72358,1.10103,0.87022,0.77231,0.86244,0.6403,0.81676,0.52863,1.05605,0.0018741,0.0006247,0.0018741,0.0006247,0.0018741,0.0006247,0.0018741,0.0006247
949,296127,0.94979,0.72416,1.1016,0.87085,0.77128,0.86245,0.64058,0.81694,0.52828,1.05588,0.0018444,0.0006148,0.0018444,0.0006148,0.0018444,0.0006148,0.0018444,0.0006148
950,296420,0.94887,0.723,1.10192,0.87248,0.77098,0.86242,0.64059,0.81716,0.52788,1.05611,0.0018147,0.0006049,0.0018147,0.0006049,0.0018147,0.0006049,0.0018147,0.0006049
951,296713,0.94836,0.7209,1.10071,0.87289,0.77019,0.8623,0.64025,0.81764,0.52794,1.05627,0.001785,0.000595,0.001785,0.000595,0.001785,0.000595,0.001785,0.000595
952,297007,0.94783,0.7203,1.10083,0.87253,0.77071,0.86254,0.64025,0.81757,0.5281,1.05616,0.0017553,0.0005851,0.0017553,0.0005851,0.0017553,0.0005851,0.0017553,0.0005851
953,297299,0.94723,0.72158,1.10014,0.87102,0.7716,0.86248,0.64025,0.81758,0.52783,1.05592,0.0017256,0.0005752,0.0017256,0.0005752,0.0017256,0.0005752,0.0017256,0.0005752
954,297589,0.94602,0.71983,1.10011,0.87168,0.77083,0.86282,0.64034,0.81729,0.5281,1.05591,0.0016959,0.0005653,0.0016959,0.0005653,0.0016959,0.0005653,0.0016959,0.0005653
955,297882,0.94607,0.71866,1.10129,0.87218,0.77076,0.86315,0.64049,0.81722,0.52789,1.05592,0.0016662,0.0005554,0.0016662,0.0005554,0.0016662,0.0005554,0.0016662,0.0005554
956,298174,0.94494,0.71799,1.0989,0.87162,0.77169,0.86342,0.64043,0.81736,0.52819,1.05588,0.0016365,0.0005455,0.0016365,0.0005455,0.0016365,0.0005455,0.0016365,0.0005455
957,298465,0.9456,0.71819,1.09864,0.87131,0.77186,0.86356,0.64057,0.81702,0.52822,1.05551,0.0016068,0.0005356,0.0016068,0.0005356,0.0016068,0.0005356,0.0016068,0.0005356
958,298758,0.94292,0.71405,1.09589,0.87183,0.77172,0.86364,0.64085,0.8165,0.52784,1.05497,0.0015771,0.0005257,0.0015771,0.0005257,0.0015771,0.0005257,0.0015771,0.0005257
959,299049,0.94151,0.71374,1.09762,0.87541,0.76942,0.86374,0.64076,0.81643,0.52805,1.05515,0.0015474,0.0005158,0.0015474,0.0005158,0.0015474,0.0005158,0.0015474,0.0005158
960,299344,0.94165,0.71297,1.09686,0.87472,0.76906,0.86348,0.64087,0.81627,0.52791,1.05499,0.0015177,0.0005059,0.0015177,0.0005059,0.0015177,0.0005059,0.0015177,0.0005059
961,299637,0.94303,0.71252,1.09576,0.87499,0.76838,0.8634,0.64094,0.81608,0.52784,1.05466,0.001488,0.000496,0.001488,0.000496,0.001488,0.000496,0.001488,0.000496
962,299928,0.93999,0.71155,1.09611,0.87382,0.76906,0.86312,0.6409,0.81616,0.52758,1.05481,0.0014583,0.0004861,0.0014583,0.0004861,0.0014583,0.0004861,0.0014583,0.0004861
963,300221,0.93821,0.71071,1.09461,0.87683,0.76668,0.86313,0.64081,0.81611,0.52754,1.05487,0.0014286,0.0004762,0.0014286,0.0004762,0.0014286,0.0004762,0.0014286,0.0004762
964,300513,0.93747,0.71067,1.09665,0.87501,0.76788,0.86341,0.64066,0.81632,0.52746,1.05507,0.0013989,0.0004663,0.0013989,0.0004663,0.0013989,0.0004663,0.0013989,0.0004663
965,300803,0.93774,0.70944,1.09526,0.87434,0.76919,0.86341,0.64092,0.81632,0.52711,1.05489,0.0013692,0.0004564,0.0013692,0.0004564,0.0013692,0.0004564,0.0013692,0.0004564
966,301095,0.93618,0.70897,1.0948,0.8746,0.76879,0.86334,0.64095,0.81609,0.52733,1.05468,0.0013395,0.0004465,0.0013395,0.0004465,0.0013395,0.0004465,0.0013395,0.0004465
967,301388,0.93604,0.70809,1.09454,0.87442,0.76915,0.86332,0.64105,0.81589,0.52732,1.05445,0.0013098,0.0004366,0.0013098,0.0004366,0.0013098,0.0004366,0.0013098,0.0004366
968,301681,0.93564,0.70623,1.09377,0.87392,0.76874,0.86319,0.64103,0.81615,0.52657,1.05517,0.0012801,0.0004267,0.0012801,0.0004267,0.0012801,0.0004267,0.0012801,0.0004267
969,301976,0.93659,0.70792,1.0942,0.87382,0.76933,0.86365,0.64101,0.81659,0.52648,1.05553,0.0012504,0.0004168,0.0012504,0.0004168,0.0012504,0.0004168,0.0012504,0.0004168
970,302268,0.93438,0.70641,1.09468,0.87335,0.76883,0.86338,0.64114,0.81665,0.52588,1.05593,0.0012207,0.0004069,0.0012207,0.0004069,0.0012207,0.0004069,0.0012207,0.0004069
971,302559,0.93481,0.70503,1.09349,0.87279,0.76901,0.86326,0.64088,0.81653,0.526,1.0558,0.001191,0.000397,0.001191,0.000397,0.001191,0.000397,0.001191,0.000397
972,302853,0.9317,0.70244,1.09172,0.87136,0.77002,0.86321,0.64104,0.81609,0.52552,1.0556,0.0011613,0.0003871,0.0011613,0.0003871,0.0011613,0.0003871,0.0011613,0.0003871
973,303147,0.93251,0.70147,1.0922,0.87247,0.76997,0.86289,0.641,0.81632,0.52515,1.05577,0.0011316,0.0003772,0.0011316,0.0003772,0.0011316,0.0003772,0.0011316,0.0003772
974,303444,0.93067,0.70141,1.0897,0.8707,0.77006,0.86281,0.64112,0.81601,0.52496,1.05521,0.0011019,0.0003673,0.0011019,0.0003673,0.0011019,0.0003673,0.0011019,0.0003673
975,303739,0.93021,0.70209,1.09168,0.871,0.77065,0.8632,0.64115,0.81571,0.52469,1.05485,0.0010722,0.0003574,0.0010722,0.0003574,0.0010722,0.0003574,0.0010722,0.0003574
976,304033,0.93085,0.70013,1.09143,0.87129,0.77074,0.86314,0.64119,0.81535,0.5246,1.05455,0.0010425,0.0003475,0.0010425,0.0003475,0.0010425,0.0003475,0.0010425,0.0003475
977,304330,0.92798,0.70103,1.08979,0.8717,0.77143,0.86305,0.64107,0.8155,0.52453,1.05472,0.0010128,0.0003376,0.0010128,0.0003376,0.0010128,0.0003376,0.0010128,0.0003376
978,304627,0.9273,0.69844,1.08948,0.87129,0.77146,0.86323,0.64094,0.81565,0.52449,1.05466,0.0009831,0.0003277,0.0009831,0.0003277,0.0009831,0.0003277,0.0009831,0.0003277
979,304924,0.92779,0.69881,1.08953,0.86897,0.77278,0.86329,0.64099,0.81591,0.52395,1.05484,0.0009534,0.0003178,0.0009534,0.0003178,0.0009534,0.0003178,0.0009534,0.0003178
980,305216,0.92827,0.69588,1.08801,0.87006,0.77255,0.86332,0.64104,0.81626,0.52384,1.05522,0.0009237,0.0003079,0.0009237,0.0003079,0.0009237,0.0003079,0.0009237,0.0003079
981,305506,0.92591,0.69578,1.08793,0.87129,0.7717,0.86321,0.6409,0.8167,0.52314,1.05574,0.000894,0.000298,0.000894,0.000298,0.000894,0.000298,0.000894,0.000298
982,305797,0.9257,0.69377,1.0877,0.87009,0.77214,0.86334,0.64091,0.81675,0.52286,1.05572,0.0008643,0.0002881,0.0008643,0.0002881,0.0008643,0.0002881,0.0008643,0.0002881
983,306091,0.92502,0.69286,1.0871,0.87042,0.77196,0.86296,0.6411,0.81643,0.52269,1.05533,0.0008346,0.0002782,0.0008346,0.0002782,0.0008346,0.0002782,0.0008346,0.0002782
984,306383,0.92167,0.68938,1.0854,0.87127,0.77164,0.86309,0.64121,0.81632,0.52243,1.05517,0.0008049,0.0002683,0.0008049,0.0002683,0.0008049,0.0002683,0.0008049,0.0002683
985,306678,0.92289,0.69094,1.08615,0.87256,0.77155,0.86298,0.64133,0.81657,0.52229,1.05534,0.0007752,0.0002584,0.0007752,0.0002584,0.0007752,0.0002584,0.0007752,0.0002584
986,306978,0.92081,0.68992,1.08629,0.87257,0.77187,0.86299,0.64139,0.81723,0.52208,1.05597,0.0007455,0.0002485,0.0007455,0.0002485,0.0007455,0.0002485,0.0007455,0.0002485
987,307270,0.92213,0.68874,1.08563,0.87216,0.77247,0.86322,0.64126,0.81699,0.52219,1.05579,0.0007158,0.0002386,0.0007158,0.0002386,0.0007158,0.0002386,0.0007158,0.0002386
988,307563,0.92004,0.68689,1.08379,0.87085,0.77246,0.8629,0.64117,0.8168,0.52192,1.05543,0.0006861,0.0002287,0.0006861,0.0002287,0.0006861,0.0002287,0.0006861,0.0002287
989,307854,0.91919,0.68739,1.08383,0.87043,0.77279,0.86273,0.64132,0.81656,0.52194,1.0552,0.0006564,0.0002188,0.0006564,0.0002188,0.0006564,0.0002188,0.0006564,0.0002188
990,308146,0.91898,0.68547,1.08302,0.87031,0.77305,0.86265,0.64141,0.81632,0.52165,1.05501,0.0006267,0.0002089,0.0006267,0.0002089,0.0006267,0.0002089,0.0006267,0.0002089
991,308446,0.88204,0.61372,1.04948,0.87031,0.77379,0.863,0.64163,0.8164,0.52153,1.05495,0.000597,0.000199,0.000597,0.000199,0.000597,0.000199,0.000597,0.000199
992,308733,0.87143,0.60087,1.04347,0.87242,0.77237,0.86322,0.64197,0.81621,0.52096,1.05485,0.0005673,0.0001891,0.0005673,0.0001891,0.0005673,0.0001891,0.0005673,0.0001891
993,309020,0.86874,0.59709,1.04242,0.87565,0.77021,0.86343,0.64234,0.81623,0.52066,1.05511,0.0005376,0.0001792,0.0005376,0.0001792,0.0005376,0.0001792,0.0005376,0.0001792
994,309308,0.86577,0.59388,1.03921,0.87667,0.77007,0.8637,0.64229,0.81599,0.52049,1.055,0.0005079,0.0001693,0.0005079,0.0001693,0.0005079,0.0001693,0.0005079,0.0001693
995,309595,0.86367,0.59228,1.03841,0.8781,0.76865,0.86379,0.64226,0.81595,0.52035,1.05491,0.0004782,0.0001594,0.0004782,0.0001594,0.0004782,0.0001594,0.0004782,0.0001594
996,309884,0.862,0.58901,1.03847,0.87987,0.76888,0.86415,0.64245,0.81594,0.52004,1.05461,0.0004485,0.0001495,0.0004485,0.0001495,0.0004485,0.0001495,0.0004485,0.0001495
997,310171,0.85923,0.58616,1.03534,0.87985,0.76874,0.86424,0.6426,0.81592,0.51959,1.05466,0.0004188,0.0001396,0.0004188,0.0001396,0.0004188,0.0001396,0.0004188,0.0001396
998,310458,0.85857,0.58498,1.03566,0.87879,0.7693,0.86423,0.64279,0.81604,0.51869,1.05501,0.0003891,0.0001297,0.0003891,0.0001297,0.0003891,0.0001297,0.0003891,0.0001297
999,310748,0.85718,0.5831,1.03424,0.87924,0.7687,0.86428,0.64283,0.81618,0.51854,1.0546,0.0003594,0.0001198,0.0003594,0.0001198,0.0003594,0.0001198,0.0003594,0.0001198
1000,311037,0.85521,0.58093,1.0348,0.87792,0.76963,0.86415,0.64299,0.81627,0.51879,1.05459,0.0003297,0.0001099,0.0003297,0.0001099,0.0003297,0.0001099,0.0003297,0.0001099
